totalScore,fatigueLevel,totalTime,averageResponseTime,totalQuestions,questions,__v,id,createdAt.$date
23,Moderate Fatigue,65200,8150.0,8,"[{'questionIndex': 0, 'finalSelectedScore': 3, 'totalTimeSpent': 8739, 'clickEvents': [{'score': 3, 'timestamp': 7364, '_id': {'$oid': '699ab691e0102bcce28adef3'}}], '_id': {'$oid': '699ab691e0102bcce28adef2'}}, {'questionIndex': 1, 'finalSelectedScore': 4, 'totalTimeSpent': 9758, 'clickEvents': [{'score': 4, 'timestamp': 8444, '_id': {'$oid': '699ab691e0102bcce28adef5'}}], '_id': {'$oid': '699ab691e0102bcce28adef4'}}, {'questionIndex': 2, 'finalSelectedScore': 2, 'totalTimeSpent': 7966, 'clickEvents': [{'score': 2, 'timestamp': 6645, '_id': {'$oid': '699ab691e0102bcce28adef7'}}], '_id': {'$oid': '699ab691e0102bcce28adef6'}}, {'questionIndex': 3, 'finalSelectedScore': 3, 'totalTimeSpent': 8537, 'clickEvents': [{'score': 3, 'timestamp': 6477, '_id': {'$oid': '699ab691e0102bcce28adef9'}}], '_id': {'$oid': '699ab691e0102bcce28adef8'}}, {'questionIndex': 4, 'finalSelectedScore': 3, 'totalTimeSpent': 9093, 'clickEvents': [{'score': 3, 'timestamp': 6499, '_id': {'$oid': '699ab691e0102bcce28adefb'}}, {'score': 3, 'timestamp': 6937, '_id': {'$oid': '699ab691e0102bcce28adefc'}}, {'score': 3, 'timestamp': 6937, '_id': {'$oid': '699ab691e0102bcce28adefd'}}], '_id': {'$oid': '699ab691e0102bcce28adefa'}}, {'questionIndex': 5, 'finalSelectedScore': 2, 'totalTimeSpent': 9335, 'clickEvents': [{'score': 2, 'timestamp': 7926, '_id': {'$oid': '699ab691e0102bcce28adeff'}}], '_id': {'$oid': '699ab691e0102bcce28adefe'}}, {'questionIndex': 6, 'finalSelectedScore': 2, 'totalTimeSpent': 6939, 'clickEvents': [{'score': 2, 'timestamp': 5139, '_id': {'$oid': '699ab691e0102bcce28adf01'}}], '_id': {'$oid': '699ab691e0102bcce28adf00'}}, {'questionIndex': 7, 'finalSelectedScore': 4, 'totalTimeSpent': 4833, 'clickEvents': [{'score': 4, 'timestamp': 3278, '_id': {'$oid': '699ab691e0102bcce28adf03'}}], '_id': {'$oid': '699ab691e0102bcce28adf02'}}]",0,699ab691e0102bcce28adef1,2026-02-22T07:56:01.658Z
15,High Fatigue,74085,9260.625,8,"[{'questionIndex': 0, 'finalSelectedScore': 2, 'totalTimeSpent': 19867, 'clickEvents': [{'score': 2, 'timestamp': 18146, '_id': {'$oid': '699bde537b5ba782511e668f'}}], '_id': {'$oid': '699bde537b5ba782511e668e'}}, {'questionIndex': 1, 'finalSelectedScore': 3, 'totalTimeSpent': 6266, 'clickEvents': [{'score': 3, 'timestamp': 4796, '_id': {'$oid': '699bde537b5ba782511e6691'}}], '_id': {'$oid': '699bde537b5ba782511e6690'}}, {'questionIndex': 2, 'finalSelectedScore': 1, 'totalTimeSpent': 6075, 'clickEvents': [{'score': 1, 'timestamp': 4422, '_id': {'$oid': '699bde537b5ba782511e6693'}}], '_id': {'$oid': '699bde537b5ba782511e6692'}}, {'questionIndex': 3, 'finalSelectedScore': 1, 'totalTimeSpent': 9109, 'clickEvents': [{'score': 1, 'timestamp': 7263, '_id': {'$oid': '699bde537b5ba782511e6695'}}], '_id': {'$oid': '699bde537b5ba782511e6694'}}, {'questionIndex': 4, 'finalSelectedScore': 3, 'totalTimeSpent': 4293, 'clickEvents': [{'score': 3, 'timestamp': 2564, '_id': {'$oid': '699bde537b5ba782511e6697'}}], '_id': {'$oid': '699bde537b5ba782511e6696'}}, {'questionIndex': 5, 'finalSelectedScore': 1, 'totalTimeSpent': 16846, 'clickEvents': [{'score': 1, 'timestamp': 15092, '_id': {'$oid': '699bde537b5ba782511e6699'}}], '_id': {'$oid': '699bde537b5ba782511e6698'}}, {'questionIndex': 6, 'finalSelectedScore': 3, 'totalTimeSpent': 6081, 'clickEvents': [{'score': 3, 'timestamp': 4419, '_id': {'$oid': '699bde537b5ba782511e669b'}}], '_id': {'$oid': '699bde537b5ba782511e669a'}}, {'questionIndex': 7, 'finalSelectedScore': 1, 'totalTimeSpent': 5547, 'clickEvents': [{'score': 1, 'timestamp': 2916, '_id': {'$oid': '699bde537b5ba782511e669d'}}], '_id': {'$oid': '699bde537b5ba782511e669c'}}]",0,699bde537b5ba782511e668d,2026-02-23T04:57:55.761Z
24,Moderate Fatigue,200053,25006.625,8,"[{'questionIndex': 0, 'finalSelectedScore': 3, 'totalTimeSpent': 23569, 'clickEvents': [{'score': 3, 'timestamp': 11545, '_id': {'$oid': '699bdf4b7b5ba782511e66a1'}}], '_id': {'$oid': '699bdf4b7b5ba782511e66a0'}}, {'questionIndex': 1, 'finalSelectedScore': 3, 'totalTimeSpent': 13367, 'clickEvents': [{'score': 3, 'timestamp': 11695, '_id': {'$oid': '699bdf4b7b5ba782511e66a3'}}], '_id': {'$oid': '699bdf4b7b5ba782511e66a2'}}, {'questionIndex': 2, 'finalSelectedScore': 4, 'totalTimeSpent': 21970, 'clickEvents': [{'score': 4, 'timestamp': 20184, '_id': {'$oid': '699bdf4b7b5ba782511e66a5'}}, {'score': 4, 'timestamp': 20405, '_id': {'$oid': '699bdf4b7b5ba782511e66a6'}}, {'score': 4, 'timestamp': 20405, '_id': {'$oid': '699bdf4b7b5ba782511e66a7'}}], '_id': {'$oid': '699bdf4b7b5ba782511e66a4'}}, {'questionIndex': 3, 'finalSelectedScore': 2, 'totalTimeSpent': 44405, 'clickEvents': [{'score': 2, 'timestamp': 35448, '_id': {'$oid': '699bdf4b7b5ba782511e66a9'}}, {'score': 2, 'timestamp': 41329, '_id': {'$oid': '699bdf4b7b5ba782511e66aa'}}, {'score': 2, 'timestamp': 41329, '_id': {'$oid': '699bdf4b7b5ba782511e66ab'}}], '_id': {'$oid': '699bdf4b7b5ba782511e66a8'}}, {'questionIndex': 4, 'finalSelectedScore': 3, 'totalTimeSpent': 26725, 'clickEvents': [{'score': 3, 'timestamp': 14775, '_id': {'$oid': '699bdf4b7b5ba782511e66ad'}}], '_id': {'$oid': '699bdf4b7b5ba782511e66ac'}}, {'questionIndex': 5, 'finalSelectedScore': 3, 'totalTimeSpent': 34603, 'clickEvents': [{'score': 3, 'timestamp': 23378, '_id': {'$oid': '699bdf4b7b5ba782511e66af'}}], '_id': {'$oid': '699bdf4b7b5ba782511e66ae'}}, {'questionIndex': 6, 'finalSelectedScore': 2, 'totalTimeSpent': 23009, 'clickEvents': [{'score': 2, 'timestamp': 11749, '_id': {'$oid': '699bdf4b7b5ba782511e66b1'}}], '_id': {'$oid': '699bdf4b7b5ba782511e66b0'}}, {'questionIndex': 7, 'finalSelectedScore': 4, 'totalTimeSpent': 12402, 'clickEvents': [{'score': 4, 'timestamp': 8459, '_id': {'$oid': '699bdf4b7b5ba782511e66b3'}}], '_id': {'$oid': '699bdf4b7b5ba782511e66b2'}}]",0,699bdf4b7b5ba782511e669f,2026-02-23T05:02:03.756Z
21,Moderate Fatigue,92936,11617.125,8,"[{'questionIndex': 0, 'finalSelectedScore': 2, 'totalTimeSpent': 21996, 'clickEvents': [{'score': 2, 'timestamp': 20295, '_id': {'$oid': '699c059eb645a2fd59fb4174'}}], '_id': {'$oid': '699c059eb645a2fd59fb4173'}}, {'questionIndex': 1, 'finalSelectedScore': 4, 'totalTimeSpent': 9594, 'clickEvents': [{'score': 4, 'timestamp': 8053, '_id': {'$oid': '699c059eb645a2fd59fb4176'}}], '_id': {'$oid': '699c059eb645a2fd59fb4175'}}, {'questionIndex': 2, 'finalSelectedScore': 3, 'totalTimeSpent': 8817, 'clickEvents': [{'score': 3, 'timestamp': 7566, '_id': {'$oid': '699c059eb645a2fd59fb4178'}}], '_id': {'$oid': '699c059eb645a2fd59fb4177'}}, {'questionIndex': 3, 'finalSelectedScore': 1, 'totalTimeSpent': 13320, 'clickEvents': [{'score': 1, 'timestamp': 11549, '_id': {'$oid': '699c059eb645a2fd59fb417a'}}], '_id': {'$oid': '699c059eb645a2fd59fb4179'}}, {'questionIndex': 4, 'finalSelectedScore': 4, 'totalTimeSpent': 8725, 'clickEvents': [{'score': 4, 'timestamp': 7209, '_id': {'$oid': '699c059eb645a2fd59fb417c'}}], '_id': {'$oid': '699c059eb645a2fd59fb417b'}}, {'questionIndex': 5, 'finalSelectedScore': 2, 'totalTimeSpent': 17128, 'clickEvents': [{'score': 2, 'timestamp': 15639, '_id': {'$oid': '699c059eb645a2fd59fb417e'}}], '_id': {'$oid': '699c059eb645a2fd59fb417d'}}, {'questionIndex': 6, 'finalSelectedScore': 1, 'totalTimeSpent': 6428, 'clickEvents': [{'score': 1, 'timestamp': 4977, '_id': {'$oid': '699c059eb645a2fd59fb4180'}}], '_id': {'$oid': '699c059eb645a2fd59fb417f'}}, {'questionIndex': 7, 'finalSelectedScore': 4, 'totalTimeSpent': 6926, 'clickEvents': [{'score': 4, 'timestamp': 5089, '_id': {'$oid': '699c059eb645a2fd59fb4182'}}], '_id': {'$oid': '699c059eb645a2fd59fb4181'}}]",0,699c059eb645a2fd59fb4172,2026-02-23T07:45:34.322Z
20,Moderate Fatigue,55941,6992.625,8,"[{'questionIndex': 0, 'finalSelectedScore': 2, 'totalTimeSpent': 6058, 'clickEvents': [{'score': 2, 'timestamp': 3592, '_id': {'$oid': '699c05f5b645a2fd59fb4186'}}], '_id': {'$oid': '699c05f5b645a2fd59fb4185'}}, {'questionIndex': 1, 'finalSelectedScore': 3, 'totalTimeSpent': 8633, 'clickEvents': [{'score': 3, 'timestamp': 7495, '_id': {'$oid': '699c05f5b645a2fd59fb4188'}}], '_id': {'$oid': '699c05f5b645a2fd59fb4187'}}, {'questionIndex': 2, 'finalSelectedScore': 1, 'totalTimeSpent': 3884, 'clickEvents': [{'score': 1, 'timestamp': 2541, '_id': {'$oid': '699c05f5b645a2fd59fb418a'}}], '_id': {'$oid': '699c05f5b645a2fd59fb4189'}}, {'questionIndex': 3, 'finalSelectedScore': 1, 'totalTimeSpent': 5394, 'clickEvents': [{'score': 1, 'timestamp': 4291, '_id': {'$oid': '699c05f5b645a2fd59fb418c'}}], '_id': {'$oid': '699c05f5b645a2fd59fb418b'}}, {'questionIndex': 4, 'finalSelectedScore': 4, 'totalTimeSpent': 5333, 'clickEvents': [{'score': 4, 'timestamp': 4159, '_id': {'$oid': '699c05f5b645a2fd59fb418e'}}], '_id': {'$oid': '699c05f5b645a2fd59fb418d'}}, {'questionIndex': 5, 'finalSelectedScore': 3, 'totalTimeSpent': 13808, 'clickEvents': [{'score': 3, 'timestamp': 12693, '_id': {'$oid': '699c05f5b645a2fd59fb4190'}}], '_id': {'$oid': '699c05f5b645a2fd59fb418f'}}, {'questionIndex': 6, 'finalSelectedScore': 2, 'totalTimeSpent': 6430, 'clickEvents': [{'score': 2, 'timestamp': 5337, '_id': {'$oid': '699c05f5b645a2fd59fb4192'}}], '_id': {'$oid': '699c05f5b645a2fd59fb4191'}}, {'questionIndex': 7, 'finalSelectedScore': 4, 'totalTimeSpent': 6400, 'clickEvents': [{'score': 4, 'timestamp': 5118, '_id': {'$oid': '699c05f5b645a2fd59fb4194'}}], '_id': {'$oid': '699c05f5b645a2fd59fb4193'}}]",0,699c05f5b645a2fd59fb4184,2026-02-23T07:47:01.505Z
20,Moderate Fatigue,69135,8641.875,8,"[{'questionIndex': 0, 'finalSelectedScore': 3, 'totalTimeSpent': 13088, 'clickEvents': [{'score': 3, 'timestamp': 11353, '_id': {'$oid': '699c0642b645a2fd59fb4198'}}], '_id': {'$oid': '699c0642b645a2fd59fb4197'}}, {'questionIndex': 1, 'finalSelectedScore': 1, 'totalTimeSpent': 10109, 'clickEvents': [{'score': 1, 'timestamp': 8955, '_id': {'$oid': '699c0642b645a2fd59fb419a'}}], '_id': {'$oid': '699c0642b645a2fd59fb4199'}}, {'questionIndex': 2, 'finalSelectedScore': 3, 'totalTimeSpent': 7602, 'clickEvents': [{'score': 3, 'timestamp': 6215, '_id': {'$oid': '699c0642b645a2fd59fb419c'}}], '_id': {'$oid': '699c0642b645a2fd59fb419b'}}, {'questionIndex': 3, 'finalSelectedScore': 1, 'totalTimeSpent': 8486, 'clickEvents': [{'score': 1, 'timestamp': 7192, '_id': {'$oid': '699c0642b645a2fd59fb419e'}}], '_id': {'$oid': '699c0642b645a2fd59fb419d'}}, {'questionIndex': 4, 'finalSelectedScore': 4, 'totalTimeSpent': 8221, 'clickEvents': [{'score': 4, 'timestamp': 7047, '_id': {'$oid': '699c0642b645a2fd59fb41a0'}}], '_id': {'$oid': '699c0642b645a2fd59fb419f'}}, {'questionIndex': 5, 'finalSelectedScore': 2, 'totalTimeSpent': 10453, 'clickEvents': [{'score': 2, 'timestamp': 8621, '_id': {'$oid': '699c0642b645a2fd59fb41a2'}}], '_id': {'$oid': '699c0642b645a2fd59fb41a1'}}, {'questionIndex': 6, 'finalSelectedScore': 1, 'totalTimeSpent': 4756, 'clickEvents': [{'score': 1, 'timestamp': 3230, '_id': {'$oid': '699c0642b645a2fd59fb41a4'}}], '_id': {'$oid': '699c0642b645a2fd59fb41a3'}}, {'questionIndex': 7, 'finalSelectedScore': 5, 'totalTimeSpent': 6420, 'clickEvents': [{'score': 5, 'timestamp': 5311, '_id': {'$oid': '699c0642b645a2fd59fb41a6'}}], '_id': {'$oid': '699c0642b645a2fd59fb41a5'}}]",0,699c0642b645a2fd59fb4196,2026-02-23T07:48:18.368Z
18,High Fatigue,57119,7139.875,8,"[{'questionIndex': 0, 'finalSelectedScore': 2, 'totalTimeSpent': 7561, 'clickEvents': [{'score': 2, 'timestamp': 5683, '_id': {'$oid': '699daa1cd33964d246f6e250'}}], '_id': {'$oid': '699daa1cd33964d246f6e24f'}}, {'questionIndex': 1, 'finalSelectedScore': 4, 'totalTimeSpent': 2486, 'clickEvents': [{'score': 4, 'timestamp': 1145, '_id': {'$oid': '699daa1cd33964d246f6e252'}}], '_id': {'$oid': '699daa1cd33964d246f6e251'}}, {'questionIndex': 2, 'finalSelectedScore': 2, 'totalTimeSpent': 7603, 'clickEvents': [{'score': 3, 'timestamp': 2654, '_id': {'$oid': '699daa1cd33964d246f6e254'}}, {'score': 4, 'timestamp': 3923, '_id': {'$oid': '699daa1cd33964d246f6e255'}}, {'score': 4, 'timestamp': 3923, '_id': {'$oid': '699daa1cd33964d246f6e256'}}, {'score': 3, 'timestamp': 5085, '_id': {'$oid': '699daa1cd33964d246f6e257'}}, {'score': 3, 'timestamp': 5085, '_id': {'$oid': '699daa1cd33964d246f6e258'}}, {'score': 2, 'timestamp': 6427, '_id': {'$oid': '699daa1cd33964d246f6e259'}}, {'score': 2, 'timestamp': 6427, '_id': {'$oid': '699daa1cd33964d246f6e25a'}}], '_id': {'$oid': '699daa1cd33964d246f6e253'}}, {'questionIndex': 3, 'finalSelectedScore': 2, 'totalTimeSpent': 4944, 'clickEvents': [{'score': 2, 'timestamp': 1945, '_id': {'$oid': '699daa1cd33964d246f6e25c'}}], '_id': {'$oid': '699daa1cd33964d246f6e25b'}}, {'questionIndex': 4, 'finalSelectedScore': 3, 'totalTimeSpent': 8268, 'clickEvents': [{'score': 3, 'timestamp': 4104, '_id': {'$oid': '699daa1cd33964d246f6e25e'}}], '_id': {'$oid': '699daa1cd33964d246f6e25d'}}, {'questionIndex': 5, 'finalSelectedScore': 1, 'totalTimeSpent': 15873, 'clickEvents': [{'score': 1, 'timestamp': 13374, '_id': {'$oid': '699daa1cd33964d246f6e260'}}], '_id': {'$oid': '699daa1cd33964d246f6e25f'}}, {'questionIndex': 6, 'finalSelectedScore': 2, 'totalTimeSpent': 3950, 'clickEvents': [{'score': 2, 'timestamp': 2308, '_id': {'$oid': '699daa1cd33964d246f6e262'}}], '_id': {'$oid': '699daa1cd33964d246f6e261'}}, {'questionIndex': 7, 'finalSelectedScore': 2, 'totalTimeSpent': 6434, 'clickEvents': [{'score': 2, 'timestamp': 5247, '_id': {'$oid': '699daa1cd33964d246f6e264'}}], '_id': {'$oid': '699daa1cd33964d246f6e263'}}]",0,699daa1cd33964d246f6e24e,2026-02-24T13:39:40.630Z
30,Moderate Fatigue,35389,4423.625,8,"[{'questionIndex': 0, 'finalSelectedScore': 4, 'totalTimeSpent': 4695, 'clickEvents': [{'score': 4, 'timestamp': 3426, '_id': {'$oid': '699daa45d33964d246f6e268'}}], '_id': {'$oid': '699daa45d33964d246f6e267'}}, {'questionIndex': 1, 'finalSelectedScore': 4, 'totalTimeSpent': 4691, 'clickEvents': [{'score': 4, 'timestamp': 2376, '_id': {'$oid': '699daa45d33964d246f6e26a'}}], '_id': {'$oid': '699daa45d33964d246f6e269'}}, {'questionIndex': 2, 'finalSelectedScore': 4, 'totalTimeSpent': 3761, 'clickEvents': [{'score': 4, 'timestamp': 2516, '_id': {'$oid': '699daa45d33964d246f6e26c'}}], '_id': {'$oid': '699daa45d33964d246f6e26b'}}, {'questionIndex': 3, 'finalSelectedScore': 4, 'totalTimeSpent': 3723, 'clickEvents': [{'score': 4, 'timestamp': 2552, '_id': {'$oid': '699daa45d33964d246f6e26e'}}], '_id': {'$oid': '699daa45d33964d246f6e26d'}}, {'questionIndex': 4, 'finalSelectedScore': 4, 'totalTimeSpent': 2903, 'clickEvents': [{'score': 4, 'timestamp': 1843, '_id': {'$oid': '699daa45d33964d246f6e270'}}], '_id': {'$oid': '699daa45d33964d246f6e26f'}}, {'questionIndex': 5, 'finalSelectedScore': 2, 'totalTimeSpent': 9578, 'clickEvents': [{'score': 4, 'timestamp': 3609, '_id': {'$oid': '699daa45d33964d246f6e272'}}, {'score': 2, 'timestamp': 7595, '_id': {'$oid': '699daa45d33964d246f6e273'}}, {'score': 2, 'timestamp': 7595, '_id': {'$oid': '699daa45d33964d246f6e274'}}], '_id': {'$oid': '699daa45d33964d246f6e271'}}, {'questionIndex': 6, 'finalSelectedScore': 4, 'totalTimeSpent': 3004, 'clickEvents': [{'score': 4, 'timestamp': 2078, '_id': {'$oid': '699daa45d33964d246f6e276'}}], '_id': {'$oid': '699daa45d33964d246f6e275'}}, {'questionIndex': 7, 'finalSelectedScore': 4, 'totalTimeSpent': 3032, 'clickEvents': [{'score': 4, 'timestamp': 2049, '_id': {'$oid': '699daa45d33964d246f6e278'}}], '_id': {'$oid': '699daa45d33964d246f6e277'}}]",0,699daa45d33964d246f6e266,2026-02-24T13:40:21.260Z
37,Low Fatigue,35643,4455.375,8,"[{'questionIndex': 0, 'finalSelectedScore': 5, 'totalTimeSpent': 6141, 'clickEvents': [{'score': 5, 'timestamp': 4675, '_id': {'$oid': '699daa6dd33964d246f6e27c'}}], '_id': {'$oid': '699daa6dd33964d246f6e27b'}}, {'questionIndex': 1, 'finalSelectedScore': 5, 'totalTimeSpent': 3175, 'clickEvents': [{'score': 5, 'timestamp': 2160, '_id': {'$oid': '699daa6dd33964d246f6e27e'}}], '_id': {'$oid': '699daa6dd33964d246f6e27d'}}, {'questionIndex': 2, 'finalSelectedScore': 5, 'totalTimeSpent': 2804, 'clickEvents': [{'score': 5, 'timestamp': 1922, '_id': {'$oid': '699daa6dd33964d246f6e280'}}], '_id': {'$oid': '699daa6dd33964d246f6e27f'}}, {'questionIndex': 3, 'finalSelectedScore': 4, 'totalTimeSpent': 4233, 'clickEvents': [{'score': 4, 'timestamp': 3222, '_id': {'$oid': '699daa6dd33964d246f6e282'}}], '_id': {'$oid': '699daa6dd33964d246f6e281'}}, {'questionIndex': 4, 'finalSelectedScore': 5, 'totalTimeSpent': 3182, 'clickEvents': [{'score': 5, 'timestamp': 2418, '_id': {'$oid': '699daa6dd33964d246f6e284'}}], '_id': {'$oid': '699daa6dd33964d246f6e283'}}, {'questionIndex': 5, 'finalSelectedScore': 3, 'totalTimeSpent': 8914, 'clickEvents': [{'score': 3, 'timestamp': 3809, '_id': {'$oid': '699daa6dd33964d246f6e286'}}], '_id': {'$oid': '699daa6dd33964d246f6e285'}}, {'questionIndex': 6, 'finalSelectedScore': 5, 'totalTimeSpent': 4816, 'clickEvents': [{'score': 5, 'timestamp': 3911, '_id': {'$oid': '699daa6dd33964d246f6e288'}}], '_id': {'$oid': '699daa6dd33964d246f6e287'}}, {'questionIndex': 7, 'finalSelectedScore': 5, 'totalTimeSpent': 2378, 'clickEvents': [{'score': 5, 'timestamp': 1470, '_id': {'$oid': '699daa6dd33964d246f6e28a'}}], '_id': {'$oid': '699daa6dd33964d246f6e289'}}]",0,699daa6dd33964d246f6e27a,2026-02-24T13:41:01.323Z
20,Moderate Fatigue,54051,6756.375,8,"[{'questionIndex': 0, 'finalSelectedScore': 3, 'totalTimeSpent': 2977, 'clickEvents': [{'score': 3, 'timestamp': 1288, '_id': {'$oid': '699daaa8d33964d246f6e28e'}}], '_id': {'$oid': '699daaa8d33964d246f6e28d'}}, {'questionIndex': 1, 'finalSelectedScore': 3, 'totalTimeSpent': 12823, 'clickEvents': [{'score': 2, 'timestamp': 1617, '_id': {'$oid': '699daaa8d33964d246f6e290'}}, {'score': 3, 'timestamp': 11325, '_id': {'$oid': '699daaa8d33964d246f6e291'}}, {'score': 3, 'timestamp': 11325, '_id': {'$oid': '699daaa8d33964d246f6e292'}}], '_id': {'$oid': '699daaa8d33964d246f6e28f'}}, {'questionIndex': 2, 'finalSelectedScore': 3, 'totalTimeSpent': 8154, 'clickEvents': [{'score': 5, 'timestamp': 2620, '_id': {'$oid': '699daaa8d33964d246f6e294'}}, {'score': 3, 'timestamp': 5096, '_id': {'$oid': '699daaa8d33964d246f6e295'}}, {'score': 3, 'timestamp': 5096, '_id': {'$oid': '699daaa8d33964d246f6e296'}}], '_id': {'$oid': '699daaa8d33964d246f6e293'}}, {'questionIndex': 3, 'finalSelectedScore': 1, 'totalTimeSpent': 6257, 'clickEvents': [{'score': 1, 'timestamp': 4344, '_id': {'$oid': '699daaa8d33964d246f6e298'}}], '_id': {'$oid': '699daaa8d33964d246f6e297'}}, {'questionIndex': 4, 'finalSelectedScore': 3, 'totalTimeSpent': 7281, 'clickEvents': [{'score': 3, 'timestamp': 3934, '_id': {'$oid': '699daaa8d33964d246f6e29a'}}, {'score': 4, 'timestamp': 5135, '_id': {'$oid': '699daaa8d33964d246f6e29b'}}, {'score': 4, 'timestamp': 5135, '_id': {'$oid': '699daaa8d33964d246f6e29c'}}, {'score': 3, 'timestamp': 6215, '_id': {'$oid': '699daaa8d33964d246f6e29d'}}, {'score': 3, 'timestamp': 6215, '_id': {'$oid': '699daaa8d33964d246f6e29e'}}], '_id': {'$oid': '699daaa8d33964d246f6e299'}}, {'questionIndex': 5, 'finalSelectedScore': 1, 'totalTimeSpent': 6761, 'clickEvents': [{'score': 1, 'timestamp': 5605, '_id': {'$oid': '699daaa8d33964d246f6e2a0'}}], '_id': {'$oid': '699daaa8d33964d246f6e29f'}}, {'questionIndex': 6, 'finalSelectedScore': 3, 'totalTimeSpent': 5148, 'clickEvents': [{'score': 3, 'timestamp': 3970, '_id': {'$oid': '699daaa8d33964d246f6e2a2'}}], '_id': {'$oid': '699daaa8d33964d246f6e2a1'}}, {'questionIndex': 7, 'finalSelectedScore': 3, 'totalTimeSpent': 4650, 'clickEvents': [{'score': 3, 'timestamp': 3722, '_id': {'$oid': '699daaa8d33964d246f6e2a4'}}], '_id': {'$oid': '699daaa8d33964d246f6e2a3'}}]",0,699daaa8d33964d246f6e28c,2026-02-24T13:42:00.092Z
24,Moderate Fatigue,55750,6968.75,8,"[{'questionIndex': 0, 'finalSelectedScore': 2, 'totalTimeSpent': 5820, 'clickEvents': [{'score': 2, 'timestamp': 3548, '_id': {'$oid': '699dab22d33964d246f6e2a8'}}, {'score': 2, 'timestamp': 3770, '_id': {'$oid': '699dab22d33964d246f6e2a9'}}, {'score': 2, 'timestamp': 3770, '_id': {'$oid': '699dab22d33964d246f6e2aa'}}], '_id': {'$oid': '699dab22d33964d246f6e2a7'}}, {'questionIndex': 1, 'finalSelectedScore': 4, 'totalTimeSpent': 7252, 'clickEvents': [{'score': 4, 'timestamp': 5788, '_id': {'$oid': '699dab22d33964d246f6e2ac'}}], '_id': {'$oid': '699dab22d33964d246f6e2ab'}}, {'questionIndex': 2, 'finalSelectedScore': 2, 'totalTimeSpent': 6016, 'clickEvents': [{'score': 2, 'timestamp': 3306, '_id': {'$oid': '699dab22d33964d246f6e2ae'}}], '_id': {'$oid': '699dab22d33964d246f6e2ad'}}, {'questionIndex': 3, 'finalSelectedScore': 2, 'totalTimeSpent': 9931, 'clickEvents': [{'score': 2, 'timestamp': 6487, '_id': {'$oid': '699dab22d33964d246f6e2b0'}}], '_id': {'$oid': '699dab22d33964d246f6e2af'}}, {'questionIndex': 4, 'finalSelectedScore': 4, 'totalTimeSpent': 7503, 'clickEvents': [{'score': 4, 'timestamp': 5094, '_id': {'$oid': '699dab22d33964d246f6e2b2'}}], '_id': {'$oid': '699dab22d33964d246f6e2b1'}}, {'questionIndex': 5, 'finalSelectedScore': 2, 'totalTimeSpent': 7418, 'clickEvents': [{'score': 2, 'timestamp': 6080, '_id': {'$oid': '699dab22d33964d246f6e2b4'}}], '_id': {'$oid': '699dab22d33964d246f6e2b3'}}, {'questionIndex': 6, 'finalSelectedScore': 4, 'totalTimeSpent': 4496, 'clickEvents': [{'score': 4, 'timestamp': 2854, '_id': {'$oid': '699dab22d33964d246f6e2b6'}}], '_id': {'$oid': '699dab22d33964d246f6e2b5'}}, {'questionIndex': 7, 'finalSelectedScore': 4, 'totalTimeSpent': 7314, 'clickEvents': [{'score': 4, 'timestamp': 5524, '_id': {'$oid': '699dab22d33964d246f6e2b8'}}, {'score': 4, 'timestamp': 5740, '_id': {'$oid': '699dab22d33964d246f6e2b9'}}, {'score': 4, 'timestamp': 5740, '_id': {'$oid': '699dab22d33964d246f6e2ba'}}], '_id': {'$oid': '699dab22d33964d246f6e2b7'}}]",0,699dab22d33964d246f6e2a6,2026-02-24T13:44:02.481Z
11,High Fatigue,120017,15002.125,8,"[{'questionIndex': 0, 'finalSelectedScore': 1, 'totalTimeSpent': 15168, 'clickEvents': [{'score': 1, 'timestamp': 13433, '_id': {'$oid': '699dab9fd33964d246f6e2be'}}], '_id': {'$oid': '699dab9fd33964d246f6e2bd'}}, {'questionIndex': 1, 'finalSelectedScore': 2, 'totalTimeSpent': 29031, 'clickEvents': [{'score': 4, 'timestamp': 24379, '_id': {'$oid': '699dab9fd33964d246f6e2c0'}}, {'score': 2, 'timestamp': 25724, '_id': {'$oid': '699dab9fd33964d246f6e2c1'}}, {'score': 2, 'timestamp': 25724, '_id': {'$oid': '699dab9fd33964d246f6e2c2'}}], '_id': {'$oid': '699dab9fd33964d246f6e2bf'}}, {'questionIndex': 2, 'finalSelectedScore': 1, 'totalTimeSpent': 5464, 'clickEvents': [{'score': 1, 'timestamp': 4211, '_id': {'$oid': '699dab9fd33964d246f6e2c4'}}], '_id': {'$oid': '699dab9fd33964d246f6e2c3'}}, {'questionIndex': 3, 'finalSelectedScore': 1, 'totalTimeSpent': 19311, 'clickEvents': [{'score': 1, 'timestamp': 17427, '_id': {'$oid': '699dab9fd33964d246f6e2c6'}}], '_id': {'$oid': '699dab9fd33964d246f6e2c5'}}, {'questionIndex': 4, 'finalSelectedScore': 2, 'totalTimeSpent': 10000, 'clickEvents': [{'score': 2, 'timestamp': 8148, '_id': {'$oid': '699dab9fd33964d246f6e2c8'}}], '_id': {'$oid': '699dab9fd33964d246f6e2c7'}}, {'questionIndex': 5, 'finalSelectedScore': 1, 'totalTimeSpent': 10122, 'clickEvents': [{'score': 1, 'timestamp': 6212, '_id': {'$oid': '699dab9fd33964d246f6e2ca'}}], '_id': {'$oid': '699dab9fd33964d246f6e2c9'}}, {'questionIndex': 6, 'finalSelectedScore': 1, 'totalTimeSpent': 15442, 'clickEvents': [{'score': 1, 'timestamp': 12983, '_id': {'$oid': '699dab9fd33964d246f6e2cc'}}], '_id': {'$oid': '699dab9fd33964d246f6e2cb'}}, {'questionIndex': 7, 'finalSelectedScore': 2, 'totalTimeSpent': 15479, 'clickEvents': [{'score': 2, 'timestamp': 11613, '_id': {'$oid': '699dab9fd33964d246f6e2ce'}}], '_id': {'$oid': '699dab9fd33964d246f6e2cd'}}]",0,699dab9fd33964d246f6e2bc,2026-02-24T13:46:07.082Z
20,Moderate Fatigue,100088,12511.0,8,"[{'questionIndex': 0, 'finalSelectedScore': 3, 'totalTimeSpent': 7189, 'clickEvents': [{'score': 4, 'timestamp': 2799, '_id': {'$oid': '699dad4bd33964d246f6e2d2'}}, {'score': 3, 'timestamp': 4030, '_id': {'$oid': '699dad4bd33964d246f6e2d3'}}, {'score': 3, 'timestamp': 4030, '_id': {'$oid': '699dad4bd33964d246f6e2d4'}}], '_id': {'$oid': '699dad4bd33964d246f6e2d1'}}, {'questionIndex': 1, 'finalSelectedScore': 3, 'totalTimeSpent': 8376, 'clickEvents': [{'score': 2, 'timestamp': 1800, '_id': {'$oid': '699dad4bd33964d246f6e2d6'}}, {'score': 3, 'timestamp': 6107, '_id': {'$oid': '699dad4bd33964d246f6e2d7'}}, {'score': 3, 'timestamp': 6107, '_id': {'$oid': '699dad4bd33964d246f6e2d8'}}], '_id': {'$oid': '699dad4bd33964d246f6e2d5'}}, {'questionIndex': 2, 'finalSelectedScore': 2, 'totalTimeSpent': 13208, 'clickEvents': [{'score': 2, 'timestamp': 6657, '_id': {'$oid': '699dad4bd33964d246f6e2da'}}, {'score': 1, 'timestamp': 10781, '_id': {'$oid': '699dad4bd33964d246f6e2db'}}, {'score': 1, 'timestamp': 10781, '_id': {'$oid': '699dad4bd33964d246f6e2dc'}}, {'score': 2, 'timestamp': 12061, '_id': {'$oid': '699dad4bd33964d246f6e2dd'}}, {'score': 2, 'timestamp': 12061, '_id': {'$oid': '699dad4bd33964d246f6e2de'}}], '_id': {'$oid': '699dad4bd33964d246f6e2d9'}}, {'questionIndex': 3, 'finalSelectedScore': 1, 'totalTimeSpent': 39370, 'clickEvents': [{'score': 1, 'timestamp': 5029, '_id': {'$oid': '699dad4bd33964d246f6e2e0'}}], '_id': {'$oid': '699dad4bd33964d246f6e2df'}}, {'questionIndex': 4, 'finalSelectedScore': 3, 'totalTimeSpent': 4339, 'clickEvents': [{'score': 3, 'timestamp': 2557, '_id': {'$oid': '699dad4bd33964d246f6e2e2'}}], '_id': {'$oid': '699dad4bd33964d246f6e2e1'}}, {'questionIndex': 5, 'finalSelectedScore': 2, 'totalTimeSpent': 14760, 'clickEvents': [{'score': 2, 'timestamp': 3485, '_id': {'$oid': '699dad4bd33964d246f6e2e4'}}, {'score': 1, 'timestamp': 5311, '_id': {'$oid': '699dad4bd33964d246f6e2e5'}}, {'score': 1, 'timestamp': 5311, '_id': {'$oid': '699dad4bd33964d246f6e2e6'}}, {'score': 3, 'timestamp': 7906, '_id': {'$oid': '699dad4bd33964d246f6e2e7'}}, {'score': 3, 'timestamp': 7906, '_id': {'$oid': '699dad4bd33964d246f6e2e8'}}, {'score': 2, 'timestamp': 12088, '_id': {'$oid': '699dad4bd33964d246f6e2e9'}}, {'score': 2, 'timestamp': 12088, '_id': {'$oid': '699dad4bd33964d246f6e2ea'}}], '_id': {'$oid': '699dad4bd33964d246f6e2e3'}}, {'questionIndex': 6, 'finalSelectedScore': 3, 'totalTimeSpent': 8328, 'clickEvents': [{'score': 2, 'timestamp': 4152, '_id': {'$oid': '699dad4bd33964d246f6e2ec'}}, {'score': 3, 'timestamp': 7093, '_id': {'$oid': '699dad4bd33964d246f6e2ed'}}, {'score': 3, 'timestamp': 7093, '_id': {'$oid': '699dad4bd33964d246f6e2ee'}}], '_id': {'$oid': '699dad4bd33964d246f6e2eb'}}, {'questionIndex': 7, 'finalSelectedScore': 3, 'totalTimeSpent': 4518, 'clickEvents': [{'score': 3, 'timestamp': 3406, '_id': {'$oid': '699dad4bd33964d246f6e2f0'}}], '_id': {'$oid': '699dad4bd33964d246f6e2ef'}}]",0,699dad4bd33964d246f6e2d0,2026-02-24T13:53:15.175Z
24,Moderate Fatigue,26358,3294.75,8,"[{'questionIndex': 0, 'finalSelectedScore': 3, 'totalTimeSpent': 7845, 'clickEvents': [{'score': 3, 'timestamp': 3673, '_id': {'$oid': '699dae4bd33964d246f6e2f4'}}], '_id': {'$oid': '699dae4bd33964d246f6e2f3'}}, {'questionIndex': 1, 'finalSelectedScore': 3, 'totalTimeSpent': 3202, 'clickEvents': [{'score': 3, 'timestamp': 1589, '_id': {'$oid': '699dae4bd33964d246f6e2f6'}}], '_id': {'$oid': '699dae4bd33964d246f6e2f5'}}, {'questionIndex': 2, 'finalSelectedScore': 3, 'totalTimeSpent': 2468, 'clickEvents': [{'score': 3, 'timestamp': 1247, '_id': {'$oid': '699dae4bd33964d246f6e2f8'}}], '_id': {'$oid': '699dae4bd33964d246f6e2f7'}}, {'questionIndex': 3, 'finalSelectedScore': 3, 'totalTimeSpent': 3196, 'clickEvents': [{'score': 3, 'timestamp': 1905, '_id': {'$oid': '699dae4bd33964d246f6e2fa'}}], '_id': {'$oid': '699dae4bd33964d246f6e2f9'}}, {'questionIndex': 4, 'finalSelectedScore': 3, 'totalTimeSpent': 2222, 'clickEvents': [{'score': 3, 'timestamp': 1141, '_id': {'$oid': '699dae4bd33964d246f6e2fc'}}], '_id': {'$oid': '699dae4bd33964d246f6e2fb'}}, {'questionIndex': 5, 'finalSelectedScore': 3, 'totalTimeSpent': 2240, 'clickEvents': [{'score': 3, 'timestamp': 1252, '_id': {'$oid': '699dae4bd33964d246f6e2fe'}}], '_id': {'$oid': '699dae4bd33964d246f6e2fd'}}, {'questionIndex': 6, 'finalSelectedScore': 3, 'totalTimeSpent': 2365, 'clickEvents': [{'score': 3, 'timestamp': 1258, '_id': {'$oid': '699dae4bd33964d246f6e300'}}], '_id': {'$oid': '699dae4bd33964d246f6e2ff'}}, {'questionIndex': 7, 'finalSelectedScore': 3, 'totalTimeSpent': 2819, 'clickEvents': [{'score': 3, 'timestamp': 1614, '_id': {'$oid': '699dae4bd33964d246f6e302'}}], '_id': {'$oid': '699dae4bd33964d246f6e301'}}]",0,699dae4bd33964d246f6e2f2,2026-02-24T13:57:31.917Z
18,High Fatigue,73917,9239.625,8,"[{'questionIndex': 0, 'finalSelectedScore': 5, 'totalTimeSpent': 18192, 'clickEvents': [{'score': 5, 'timestamp': 8705, '_id': {'$oid': '699db095d33964d246f6e306'}}], '_id': {'$oid': '699db095d33964d246f6e305'}}, {'questionIndex': 1, 'finalSelectedScore': 1, 'totalTimeSpent': 8104, 'clickEvents': [{'score': 1, 'timestamp': 6425, '_id': {'$oid': '699db095d33964d246f6e308'}}], '_id': {'$oid': '699db095d33964d246f6e307'}}, {'questionIndex': 2, 'finalSelectedScore': 1, 'totalTimeSpent': 7082, 'clickEvents': [{'score': 1, 'timestamp': 5597, '_id': {'$oid': '699db095d33964d246f6e30a'}}], '_id': {'$oid': '699db095d33964d246f6e309'}}, {'questionIndex': 3, 'finalSelectedScore': 1, 'totalTimeSpent': 8775, 'clickEvents': [{'score': 1, 'timestamp': 7536, '_id': {'$oid': '699db095d33964d246f6e30c'}}], '_id': {'$oid': '699db095d33964d246f6e30b'}}, {'questionIndex': 4, 'finalSelectedScore': 4, 'totalTimeSpent': 7583, 'clickEvents': [{'score': 4, 'timestamp': 6068, '_id': {'$oid': '699db095d33964d246f6e30e'}}], '_id': {'$oid': '699db095d33964d246f6e30d'}}, {'questionIndex': 5, 'finalSelectedScore': 3, 'totalTimeSpent': 9514, 'clickEvents': [{'score': 3, 'timestamp': 7228, '_id': {'$oid': '699db095d33964d246f6e310'}}], '_id': {'$oid': '699db095d33964d246f6e30f'}}, {'questionIndex': 6, 'finalSelectedScore': 1, 'totalTimeSpent': 8953, 'clickEvents': [{'score': 1, 'timestamp': 7685, '_id': {'$oid': '699db095d33964d246f6e312'}}], '_id': {'$oid': '699db095d33964d246f6e311'}}, {'questionIndex': 7, 'finalSelectedScore': 2, 'totalTimeSpent': 5714, 'clickEvents': [{'score': 2, 'timestamp': 3863, '_id': {'$oid': '699db095d33964d246f6e314'}}], '_id': {'$oid': '699db095d33964d246f6e313'}}]",0,699db095d33964d246f6e304,2026-02-24T14:07:17.815Z
35,Low Fatigue,23018,2877.25,8,"[{'questionIndex': 0, 'finalSelectedScore': 4, 'totalTimeSpent': 2745, 'clickEvents': [{'score': 4, 'timestamp': 1691, '_id': {'$oid': '699f063e5708d297d23cc8e1'}}], '_id': {'$oid': '699f063e5708d297d23cc8e0'}}, {'questionIndex': 1, 'finalSelectedScore': 5, 'totalTimeSpent': 3057, 'clickEvents': [{'score': 5, 'timestamp': 1125, '_id': {'$oid': '699f063e5708d297d23cc8e3'}}], '_id': {'$oid': '699f063e5708d297d23cc8e2'}}, {'questionIndex': 2, 'finalSelectedScore': 4, 'totalTimeSpent': 2436, 'clickEvents': [{'score': 4, 'timestamp': 1356, '_id': {'$oid': '699f063e5708d297d23cc8e5'}}], '_id': {'$oid': '699f063e5708d297d23cc8e4'}}, {'questionIndex': 3, 'finalSelectedScore': 4, 'totalTimeSpent': 3152, 'clickEvents': [{'score': 4, 'timestamp': 1914, '_id': {'$oid': '699f063e5708d297d23cc8e7'}}], '_id': {'$oid': '699f063e5708d297d23cc8e6'}}, {'questionIndex': 4, 'finalSelectedScore': 5, 'totalTimeSpent': 2601, 'clickEvents': [{'score': 5, 'timestamp': 1630, '_id': {'$oid': '699f063e5708d297d23cc8e9'}}], '_id': {'$oid': '699f063e5708d297d23cc8e8'}}, {'questionIndex': 5, 'finalSelectedScore': 4, 'totalTimeSpent': 2437, 'clickEvents': [{'score': 4, 'timestamp': 1109, '_id': {'$oid': '699f063e5708d297d23cc8eb'}}], '_id': {'$oid': '699f063e5708d297d23cc8ea'}}, {'questionIndex': 6, 'finalSelectedScore': 4, 'totalTimeSpent': 2724, 'clickEvents': [{'score': 4, 'timestamp': 1517, '_id': {'$oid': '699f063e5708d297d23cc8ed'}}], '_id': {'$oid': '699f063e5708d297d23cc8ec'}}, {'questionIndex': 7, 'finalSelectedScore': 5, 'totalTimeSpent': 3865, 'clickEvents': [{'score': 4, 'timestamp': 1454, '_id': {'$oid': '699f063e5708d297d23cc8ef'}}, {'score': 5, 'timestamp': 2880, '_id': {'$oid': '699f063e5708d297d23cc8f0'}}, {'score': 5, 'timestamp': 2880, '_id': {'$oid': '699f063e5708d297d23cc8f1'}}], '_id': {'$oid': '699f063e5708d297d23cc8ee'}}]",0,699f063e5708d297d23cc8df,2026-02-25T14:25:02.887Z
23,Moderate Fatigue,61381,7672.625,8,"[{'questionIndex': 0, 'finalSelectedScore': 3, 'totalTimeSpent': 8121, 'clickEvents': [{'score': 2, 'timestamp': 1214, '_id': {'$oid': '699f067f5708d297d23cc8f5'}}, {'score': 3, 'timestamp': 6445, '_id': {'$oid': '699f067f5708d297d23cc8f6'}}, {'score': 3, 'timestamp': 6445, '_id': {'$oid': '699f067f5708d297d23cc8f7'}}], '_id': {'$oid': '699f067f5708d297d23cc8f4'}}, {'questionIndex': 1, 'finalSelectedScore': 3, 'totalTimeSpent': 9018, 'clickEvents': [{'score': 3, 'timestamp': 6643, '_id': {'$oid': '699f067f5708d297d23cc8f9'}}], '_id': {'$oid': '699f067f5708d297d23cc8f8'}}, {'questionIndex': 2, 'finalSelectedScore': 2, 'totalTimeSpent': 6564, 'clickEvents': [{'score': 2, 'timestamp': 5380, '_id': {'$oid': '699f067f5708d297d23cc8fb'}}], '_id': {'$oid': '699f067f5708d297d23cc8fa'}}, {'questionIndex': 3, 'finalSelectedScore': 3, 'totalTimeSpent': 4170, 'clickEvents': [{'score': 3, 'timestamp': 3093, '_id': {'$oid': '699f067f5708d297d23cc8fd'}}], '_id': {'$oid': '699f067f5708d297d23cc8fc'}}, {'questionIndex': 4, 'finalSelectedScore': 4, 'totalTimeSpent': 7161, 'clickEvents': [{'score': 2, 'timestamp': 2088, '_id': {'$oid': '699f067f5708d297d23cc8ff'}}, {'score': 4, 'timestamp': 4613, '_id': {'$oid': '699f067f5708d297d23cc900'}}, {'score': 4, 'timestamp': 4613, '_id': {'$oid': '699f067f5708d297d23cc901'}}], '_id': {'$oid': '699f067f5708d297d23cc8fe'}}, {'questionIndex': 5, 'finalSelectedScore': 1, 'totalTimeSpent': 12237, 'clickEvents': [{'score': 3, 'timestamp': 6820, '_id': {'$oid': '699f067f5708d297d23cc903'}}, {'score': 2, 'timestamp': 8313, '_id': {'$oid': '699f067f5708d297d23cc904'}}, {'score': 2, 'timestamp': 8313, '_id': {'$oid': '699f067f5708d297d23cc905'}}, {'score': 3, 'timestamp': 9894, '_id': {'$oid': '699f067f5708d297d23cc906'}}, {'score': 3, 'timestamp': 9894, '_id': {'$oid': '699f067f5708d297d23cc907'}}, {'score': 1, 'timestamp': 10926, '_id': {'$oid': '699f067f5708d297d23cc908'}}, {'score': 1, 'timestamp': 10926, '_id': {'$oid': '699f067f5708d297d23cc909'}}], '_id': {'$oid': '699f067f5708d297d23cc902'}}, {'questionIndex': 6, 'finalSelectedScore': 3, 'totalTimeSpent': 4955, 'clickEvents': [{'score': 3, 'timestamp': 3643, '_id': {'$oid': '699f067f5708d297d23cc90b'}}], '_id': {'$oid': '699f067f5708d297d23cc90a'}}, {'questionIndex': 7, 'finalSelectedScore': 4, 'totalTimeSpent': 9154, 'clickEvents': [{'score': 4, 'timestamp': 7829, '_id': {'$oid': '699f067f5708d297d23cc90d'}}], '_id': {'$oid': '699f067f5708d297d23cc90c'}}]",0,699f067f5708d297d23cc8f3,2026-02-25T14:26:07.900Z
22,Moderate Fatigue,83169,10396.125,8,"[{'questionIndex': 0, 'finalSelectedScore': 1, 'totalTimeSpent': 13948, 'clickEvents': [{'score': 1, 'timestamp': 11755, '_id': {'$oid': '699f06df5708d297d23cc911'}}], '_id': {'$oid': '699f06df5708d297d23cc910'}}, {'questionIndex': 1, 'finalSelectedScore': 4, 'totalTimeSpent': 8268, 'clickEvents': [{'score': 4, 'timestamp': 5456, '_id': {'$oid': '699f06df5708d297d23cc913'}}], '_id': {'$oid': '699f06df5708d297d23cc912'}}, {'questionIndex': 2, 'finalSelectedScore': 1, 'totalTimeSpent': 8753, 'clickEvents': [{'score': 1, 'timestamp': 6317, '_id': {'$oid': '699f06df5708d297d23cc915'}}], '_id': {'$oid': '699f06df5708d297d23cc914'}}, {'questionIndex': 3, 'finalSelectedScore': 4, 'totalTimeSpent': 11572, 'clickEvents': [{'score': 4, 'timestamp': 8180, '_id': {'$oid': '699f06df5708d297d23cc917'}}], '_id': {'$oid': '699f06df5708d297d23cc916'}}, {'questionIndex': 4, 'finalSelectedScore': 2, 'totalTimeSpent': 8119, 'clickEvents': [{'score': 2, 'timestamp': 6221, '_id': {'$oid': '699f06df5708d297d23cc919'}}], '_id': {'$oid': '699f06df5708d297d23cc918'}}, {'questionIndex': 5, 'finalSelectedScore': 4, 'totalTimeSpent': 10994, 'clickEvents': [{'score': 4, 'timestamp': 4939, '_id': {'$oid': '699f06df5708d297d23cc91b'}}, {'score': 5, 'timestamp': 6887, '_id': {'$oid': '699f06df5708d297d23cc91c'}}, {'score': 5, 'timestamp': 6887, '_id': {'$oid': '699f06df5708d297d23cc91d'}}, {'score': 4, 'timestamp': 9025, '_id': {'$oid': '699f06df5708d297d23cc91e'}}, {'score': 4, 'timestamp': 9025, '_id': {'$oid': '699f06df5708d297d23cc91f'}}], '_id': {'$oid': '699f06df5708d297d23cc91a'}}, {'questionIndex': 6, 'finalSelectedScore': 2, 'totalTimeSpent': 9479, 'clickEvents': [{'score': 2, 'timestamp': 6359, '_id': {'$oid': '699f06df5708d297d23cc921'}}], '_id': {'$oid': '699f06df5708d297d23cc920'}}, {'questionIndex': 7, 'finalSelectedScore': 4, 'totalTimeSpent': 12036, 'clickEvents': [{'score': 4, 'timestamp': 5997, '_id': {'$oid': '699f06df5708d297d23cc923'}}, {'score': 4, 'timestamp': 6574, '_id': {'$oid': '699f06df5708d297d23cc924'}}, {'score': 4, 'timestamp': 6574, '_id': {'$oid': '699f06df5708d297d23cc925'}}], '_id': {'$oid': '699f06df5708d297d23cc922'}}]",0,699f06df5708d297d23cc90f,2026-02-25T14:27:43.083Z
11,High Fatigue,400204,50025.5,8,"[{'questionIndex': 0, 'finalSelectedScore': 2, 'totalTimeSpent': 16998, 'clickEvents': [{'score': 2, 'timestamp': 15016, '_id': {'$oid': '699f08ed5708d297d23cc929'}}], '_id': {'$oid': '699f08ed5708d297d23cc928'}}, {'questionIndex': 1, 'finalSelectedScore': 1, 'totalTimeSpent': 5616, 'clickEvents': [{'score': 1, 'timestamp': 3686, '_id': {'$oid': '699f08ed5708d297d23cc92b'}}], '_id': {'$oid': '699f08ed5708d297d23cc92a'}}, {'questionIndex': 2, 'finalSelectedScore': 1, 'totalTimeSpent': 94476, 'clickEvents': [{'score': 2, 'timestamp': 90440, '_id': {'$oid': '699f08ed5708d297d23cc92d'}}, {'score': 1, 'timestamp': 93192, '_id': {'$oid': '699f08ed5708d297d23cc92e'}}, {'score': 1, 'timestamp': 93192, '_id': {'$oid': '699f08ed5708d297d23cc92f'}}], '_id': {'$oid': '699f08ed5708d297d23cc92c'}}, {'questionIndex': 3, 'finalSelectedScore': 2, 'totalTimeSpent': 33736, 'clickEvents': [{'score': 2, 'timestamp': 32413, '_id': {'$oid': '699f08ed5708d297d23cc931'}}], '_id': {'$oid': '699f08ed5708d297d23cc930'}}, {'questionIndex': 4, 'finalSelectedScore': 1, 'totalTimeSpent': 64487, 'clickEvents': [{'score': 1, 'timestamp': 62907, '_id': {'$oid': '699f08ed5708d297d23cc933'}}], '_id': {'$oid': '699f08ed5708d297d23cc932'}}, {'questionIndex': 5, 'finalSelectedScore': 1, 'totalTimeSpent': 93633, 'clickEvents': [{'score': 2, 'timestamp': 91102, '_id': {'$oid': '699f08ed5708d297d23cc935'}}, {'score': 1, 'timestamp': 92419, '_id': {'$oid': '699f08ed5708d297d23cc936'}}, {'score': 1, 'timestamp': 92419, '_id': {'$oid': '699f08ed5708d297d23cc937'}}], '_id': {'$oid': '699f08ed5708d297d23cc934'}}, {'questionIndex': 6, 'finalSelectedScore': 2, 'totalTimeSpent': 82821, 'clickEvents': [{'score': 3, 'timestamp': 79082, '_id': {'$oid': '699f08ed5708d297d23cc939'}}, {'score': 2, 'timestamp': 80873, '_id': {'$oid': '699f08ed5708d297d23cc93a'}}, {'score': 2, 'timestamp': 80873, '_id': {'$oid': '699f08ed5708d297d23cc93b'}}], '_id': {'$oid': '699f08ed5708d297d23cc938'}}, {'questionIndex': 7, 'finalSelectedScore': 1, 'totalTimeSpent': 8435, 'clickEvents': [{'score': 1, 'timestamp': 6423, '_id': {'$oid': '699f08ed5708d297d23cc93d'}}], '_id': {'$oid': '699f08ed5708d297d23cc93c'}}]",0,699f08ed5708d297d23cc927,2026-02-25T14:36:29.743Z
24,Moderate Fatigue,22476,2809.5,8,"[{'questionIndex': 0, 'finalSelectedScore': 3, 'totalTimeSpent': 4161, 'clickEvents': [{'score': 3, 'timestamp': 2962, '_id': {'$oid': '699f09235708d297d23cc941'}}], '_id': {'$oid': '699f09235708d297d23cc940'}}, {'questionIndex': 1, 'finalSelectedScore': 3, 'totalTimeSpent': 3482, 'clickEvents': [{'score': 3, 'timestamp': 1719, '_id': {'$oid': '699f09235708d297d23cc943'}}], '_id': {'$oid': '699f09235708d297d23cc942'}}, {'questionIndex': 2, 'finalSelectedScore': 3, 'totalTimeSpent': 2372, 'clickEvents': [{'score': 3, 'timestamp': 1341, '_id': {'$oid': '699f09235708d297d23cc945'}}], '_id': {'$oid': '699f09235708d297d23cc944'}}, {'questionIndex': 3, 'finalSelectedScore': 3, 'totalTimeSpent': 2407, 'clickEvents': [{'score': 3, 'timestamp': 1269, '_id': {'$oid': '699f09235708d297d23cc947'}}], '_id': {'$oid': '699f09235708d297d23cc946'}}, {'questionIndex': 4, 'finalSelectedScore': 3, 'totalTimeSpent': 2369, 'clickEvents': [{'score': 3, 'timestamp': 1278, '_id': {'$oid': '699f09235708d297d23cc949'}}], '_id': {'$oid': '699f09235708d297d23cc948'}}, {'questionIndex': 5, 'finalSelectedScore': 3, 'totalTimeSpent': 2390, 'clickEvents': [{'score': 3, 'timestamp': 1356, '_id': {'$oid': '699f09235708d297d23cc94b'}}], '_id': {'$oid': '699f09235708d297d23cc94a'}}, {'questionIndex': 6, 'finalSelectedScore': 3, 'totalTimeSpent': 2701, 'clickEvents': [{'score': 3, 'timestamp': 1670, '_id': {'$oid': '699f09235708d297d23cc94d'}}], '_id': {'$oid': '699f09235708d297d23cc94c'}}, {'questionIndex': 7, 'finalSelectedScore': 3, 'totalTimeSpent': 2594, 'clickEvents': [{'score': 3, 'timestamp': 1235, '_id': {'$oid': '699f09235708d297d23cc94f'}}], '_id': {'$oid': '699f09235708d297d23cc94e'}}]",0,699f09235708d297d23cc93f,2026-02-25T14:37:23.948Z
28,Moderate Fatigue,27606,3450.75,8,"[{'questionIndex': 0, 'finalSelectedScore': 3, 'totalTimeSpent': 4913, 'clickEvents': [{'score': 3, 'timestamp': 3738, '_id': {'$oid': '69a1a13835891c318fd05bbd'}}], '_id': {'$oid': '69a1a13835891c318fd05bbc'}}, {'questionIndex': 1, 'finalSelectedScore': 5, 'totalTimeSpent': 3941, 'clickEvents': [{'score': 5, 'timestamp': 1901, '_id': {'$oid': '69a1a13835891c318fd05bbf'}}, {'score': 5, 'timestamp': 2314, '_id': {'$oid': '69a1a13835891c318fd05bc0'}}, {'score': 5, 'timestamp': 2314, '_id': {'$oid': '69a1a13835891c318fd05bc1'}}], '_id': {'$oid': '69a1a13835891c318fd05bbe'}}, {'questionIndex': 2, 'finalSelectedScore': 4, 'totalTimeSpent': 2104, 'clickEvents': [{'score': 4, 'timestamp': 1127, '_id': {'$oid': '69a1a13835891c318fd05bc3'}}], '_id': {'$oid': '69a1a13835891c318fd05bc2'}}, {'questionIndex': 3, 'finalSelectedScore': 3, 'totalTimeSpent': 2722, 'clickEvents': [{'score': 3, 'timestamp': 1692, '_id': {'$oid': '69a1a13835891c318fd05bc5'}}], '_id': {'$oid': '69a1a13835891c318fd05bc4'}}, {'questionIndex': 4, 'finalSelectedScore': 4, 'totalTimeSpent': 3373, 'clickEvents': [{'score': 4, 'timestamp': 2436, '_id': {'$oid': '69a1a13835891c318fd05bc7'}}], '_id': {'$oid': '69a1a13835891c318fd05bc6'}}, {'questionIndex': 5, 'finalSelectedScore': 2, 'totalTimeSpent': 2152, 'clickEvents': [{'score': 2, 'timestamp': 1164, '_id': {'$oid': '69a1a13835891c318fd05bc9'}}], '_id': {'$oid': '69a1a13835891c318fd05bc8'}}, {'questionIndex': 6, 'finalSelectedScore': 2, 'totalTimeSpent': 4053, 'clickEvents': [{'score': 2, 'timestamp': 3051, '_id': {'$oid': '69a1a13835891c318fd05bcb'}}], '_id': {'$oid': '69a1a13835891c318fd05bca'}}, {'questionIndex': 7, 'finalSelectedScore': 5, 'totalTimeSpent': 4348, 'clickEvents': [{'score': 5, 'timestamp': 3331, '_id': {'$oid': '69a1a13835891c318fd05bcd'}}], '_id': {'$oid': '69a1a13835891c318fd05bcc'}}]",0,69a1a13835891c318fd05bbb,2026-02-27T13:50:48.213Z
36,Low Fatigue,82004,10250.5,8,"[{'questionIndex': 0, 'finalSelectedScore': 5, 'totalTimeSpent': 8326, 'clickEvents': [{'score': 5, 'timestamp': 4978, '_id': {'$oid': '69a1a1b035891c318fd05bd1'}}], '_id': {'$oid': '69a1a1b035891c318fd05bd0'}}, {'questionIndex': 1, 'finalSelectedScore': 4, 'totalTimeSpent': 5804, 'clickEvents': [{'score': 4, 'timestamp': 3998, '_id': {'$oid': '69a1a1b035891c318fd05bd3'}}, {'score': 4, 'timestamp': 4228, '_id': {'$oid': '69a1a1b035891c318fd05bd4'}}, {'score': 4, 'timestamp': 4228, '_id': {'$oid': '69a1a1b035891c318fd05bd5'}}], '_id': {'$oid': '69a1a1b035891c318fd05bd2'}}, {'questionIndex': 2, 'finalSelectedScore': 5, 'totalTimeSpent': 15646, 'clickEvents': [{'score': 5, 'timestamp': 14208, '_id': {'$oid': '69a1a1b035891c318fd05bd7'}}], '_id': {'$oid': '69a1a1b035891c318fd05bd6'}}, {'questionIndex': 3, 'finalSelectedScore': 4, 'totalTimeSpent': 9770, 'clickEvents': [{'score': 4, 'timestamp': 7662, '_id': {'$oid': '69a1a1b035891c318fd05bd9'}}], '_id': {'$oid': '69a1a1b035891c318fd05bd8'}}, {'questionIndex': 4, 'finalSelectedScore': 5, 'totalTimeSpent': 11488, 'clickEvents': [{'score': 5, 'timestamp': 9444, '_id': {'$oid': '69a1a1b035891c318fd05bdb'}}], '_id': {'$oid': '69a1a1b035891c318fd05bda'}}, {'questionIndex': 5, 'finalSelectedScore': 4, 'totalTimeSpent': 10068, 'clickEvents': [{'score': 4, 'timestamp': 8538, '_id': {'$oid': '69a1a1b035891c318fd05bdd'}}], '_id': {'$oid': '69a1a1b035891c318fd05bdc'}}, {'questionIndex': 6, 'finalSelectedScore': 5, 'totalTimeSpent': 7513, 'clickEvents': [{'score': 5, 'timestamp': 6196, '_id': {'$oid': '69a1a1b035891c318fd05bdf'}}], '_id': {'$oid': '69a1a1b035891c318fd05bde'}}, {'questionIndex': 7, 'finalSelectedScore': 4, 'totalTimeSpent': 13389, 'clickEvents': [{'score': 4, 'timestamp': 8384, '_id': {'$oid': '69a1a1b035891c318fd05be1'}}], '_id': {'$oid': '69a1a1b035891c318fd05be0'}}]",0,69a1a1b035891c318fd05bcf,2026-02-27T13:52:48.865Z
20,Moderate Fatigue,33217,4152.125,8,"[{'questionIndex': 0, 'finalSelectedScore': 2, 'totalTimeSpent': 10078, 'clickEvents': [{'score': 2, 'timestamp': 7067, '_id': {'$oid': '69a1c05c35891c318fd05be5'}}], '_id': {'$oid': '69a1c05c35891c318fd05be4'}}, {'questionIndex': 1, 'finalSelectedScore': 3, 'totalTimeSpent': 4299, 'clickEvents': [{'score': 3, 'timestamp': 2011, '_id': {'$oid': '69a1c05c35891c318fd05be7'}}], '_id': {'$oid': '69a1c05c35891c318fd05be6'}}, {'questionIndex': 2, 'finalSelectedScore': 2, 'totalTimeSpent': 4892, 'clickEvents': [{'score': 2, 'timestamp': 3333, '_id': {'$oid': '69a1c05c35891c318fd05be9'}}], '_id': {'$oid': '69a1c05c35891c318fd05be8'}}, {'questionIndex': 3, 'finalSelectedScore': 3, 'totalTimeSpent': 2844, 'clickEvents': [{'score': 3, 'timestamp': 1417, '_id': {'$oid': '69a1c05c35891c318fd05beb'}}], '_id': {'$oid': '69a1c05c35891c318fd05bea'}}, {'questionIndex': 4, 'finalSelectedScore': 2, 'totalTimeSpent': 3430, 'clickEvents': [{'score': 2, 'timestamp': 1484, '_id': {'$oid': '69a1c05c35891c318fd05bed'}}], '_id': {'$oid': '69a1c05c35891c318fd05bec'}}, {'questionIndex': 5, 'finalSelectedScore': 3, 'totalTimeSpent': 2436, 'clickEvents': [{'score': 3, 'timestamp': 1190, '_id': {'$oid': '69a1c05c35891c318fd05bef'}}], '_id': {'$oid': '69a1c05c35891c318fd05bee'}}, {'questionIndex': 6, 'finalSelectedScore': 2, 'totalTimeSpent': 2897, 'clickEvents': [{'score': 2, 'timestamp': 1620, '_id': {'$oid': '69a1c05c35891c318fd05bf1'}}], '_id': {'$oid': '69a1c05c35891c318fd05bf0'}}, {'questionIndex': 7, 'finalSelectedScore': 3, 'totalTimeSpent': 2341, 'clickEvents': [{'score': 3, 'timestamp': 1189, '_id': {'$oid': '69a1c05c35891c318fd05bf3'}}], '_id': {'$oid': '69a1c05c35891c318fd05bf2'}}]",0,69a1c05c35891c318fd05be3,2026-02-27T16:03:40.076Z
19,High Fatigue,127236,15904.5,8,"[{'questionIndex': 0, 'finalSelectedScore': 2, 'totalTimeSpent': 3193, 'clickEvents': [{'score': 2, 'timestamp': 1498, '_id': {'$oid': '69a1cc1b35891c318fd05bf7'}}], '_id': {'$oid': '69a1cc1b35891c318fd05bf6'}}, {'questionIndex': 1, 'finalSelectedScore': 1, 'totalTimeSpent': 37213, 'clickEvents': [{'score': 3, 'timestamp': 33984, '_id': {'$oid': '69a1cc1b35891c318fd05bf9'}}, {'score': 1, 'timestamp': 35685, '_id': {'$oid': '69a1cc1b35891c318fd05bfa'}}, {'score': 1, 'timestamp': 35685, '_id': {'$oid': '69a1cc1b35891c318fd05bfb'}}], '_id': {'$oid': '69a1cc1b35891c318fd05bf8'}}, {'questionIndex': 2, 'finalSelectedScore': 3, 'totalTimeSpent': 12973, 'clickEvents': [{'score': 4, 'timestamp': 2218, '_id': {'$oid': '69a1cc1b35891c318fd05bfd'}}, {'score': 4, 'timestamp': 2985, '_id': {'$oid': '69a1cc1b35891c318fd05bfe'}}, {'score': 4, 'timestamp': 2985, '_id': {'$oid': '69a1cc1b35891c318fd05bff'}}, {'score': 4, 'timestamp': 3199, '_id': {'$oid': '69a1cc1b35891c318fd05c00'}}, {'score': 4, 'timestamp': 3199, '_id': {'$oid': '69a1cc1b35891c318fd05c01'}}, {'score': 4, 'timestamp': 4074, '_id': {'$oid': '69a1cc1b35891c318fd05c02'}}, {'score': 4, 'timestamp': 4074, '_id': {'$oid': '69a1cc1b35891c318fd05c03'}}, {'score': 4, 'timestamp': 4274, '_id': {'$oid': '69a1cc1b35891c318fd05c04'}}, {'score': 4, 'timestamp': 4274, '_id': {'$oid': '69a1cc1b35891c318fd05c05'}}, {'score': 4, 'timestamp': 4493, '_id': {'$oid': '69a1cc1b35891c318fd05c06'}}, {'score': 4, 'timestamp': 4493, '_id': {'$oid': '69a1cc1b35891c318fd05c07'}}, {'score': 3, 'timestamp': 6852, '_id': {'$oid': '69a1cc1b35891c318fd05c08'}}, {'score': 3, 'timestamp': 6852, '_id': {'$oid': '69a1cc1b35891c318fd05c09'}}], '_id': {'$oid': '69a1cc1b35891c318fd05bfc'}}, {'questionIndex': 3, 'finalSelectedScore': 2, 'totalTimeSpent': 36953, 'clickEvents': [{'score': 2, 'timestamp': 35767, '_id': {'$oid': '69a1cc1b35891c318fd05c0b'}}], '_id': {'$oid': '69a1cc1b35891c318fd05c0a'}}, {'questionIndex': 4, 'finalSelectedScore': 3, 'totalTimeSpent': 11469, 'clickEvents': [{'score': 5, 'timestamp': 3387, '_id': {'$oid': '69a1cc1b35891c318fd05c0d'}}, {'score': 1, 'timestamp': 4903, '_id': {'$oid': '69a1cc1b35891c318fd05c0e'}}, {'score': 1, 'timestamp': 4903, '_id': {'$oid': '69a1cc1b35891c318fd05c0f'}}, {'score': 3, 'timestamp': 9000, '_id': {'$oid': '69a1cc1b35891c318fd05c10'}}, {'score': 3, 'timestamp': 9000, '_id': {'$oid': '69a1cc1b35891c318fd05c11'}}], '_id': {'$oid': '69a1cc1b35891c318fd05c0c'}}, {'questionIndex': 5, 'finalSelectedScore': 3, 'totalTimeSpent': 9563, 'clickEvents': [{'score': 3, 'timestamp': 4510, '_id': {'$oid': '69a1cc1b35891c318fd05c13'}}, {'score': 4, 'timestamp': 5995, '_id': {'$oid': '69a1cc1b35891c318fd05c14'}}, {'score': 4, 'timestamp': 5995, '_id': {'$oid': '69a1cc1b35891c318fd05c15'}}, {'score': 2, 'timestamp': 6974, '_id': {'$oid': '69a1cc1b35891c318fd05c16'}}, {'score': 2, 'timestamp': 6974, '_id': {'$oid': '69a1cc1b35891c318fd05c17'}}, {'score': 3, 'timestamp': 8175, '_id': {'$oid': '69a1cc1b35891c318fd05c18'}}, {'score': 3, 'timestamp': 8175, '_id': {'$oid': '69a1cc1b35891c318fd05c19'}}], '_id': {'$oid': '69a1cc1b35891c318fd05c12'}}, {'questionIndex': 6, 'finalSelectedScore': 1, 'totalTimeSpent': 6197, 'clickEvents': [{'score': 1, 'timestamp': 4591, '_id': {'$oid': '69a1cc1b35891c318fd05c1b'}}], '_id': {'$oid': '69a1cc1b35891c318fd05c1a'}}, {'questionIndex': 7, 'finalSelectedScore': 4, 'totalTimeSpent': 9674, 'clickEvents': [{'score': 5, 'timestamp': 2916, '_id': {'$oid': '69a1cc1b35891c318fd05c1d'}}, {'score': 4, 'timestamp': 8375, '_id': {'$oid': '69a1cc1b35891c318fd05c1e'}}, {'score': 4, 'timestamp': 8375, '_id': {'$oid': '69a1cc1b35891c318fd05c1f'}}], '_id': {'$oid': '69a1cc1b35891c318fd05c1c'}}]",0,69a1cc1b35891c318fd05bf5,2026-02-27T16:53:47.722Z
21,Moderate Fatigue,106226,13278.25,8,"[{'questionIndex': 0, 'finalSelectedScore': 2, 'totalTimeSpent': 63346, 'clickEvents': [{'score': 2, 'timestamp': 3368, '_id': {'$oid': '69a3124c903bca0bc6b30adf'}}], '_id': {'$oid': '69a3124c903bca0bc6b30ade'}}, {'questionIndex': 1, 'finalSelectedScore': 3, 'totalTimeSpent': 4441, 'clickEvents': [{'score': 3, 'timestamp': 2813, '_id': {'$oid': '69a3124c903bca0bc6b30ae1'}}], '_id': {'$oid': '69a3124c903bca0bc6b30ae0'}}, {'questionIndex': 2, 'finalSelectedScore': 4, 'totalTimeSpent': 5575, 'clickEvents': [{'score': 4, 'timestamp': 3155, '_id': {'$oid': '69a3124c903bca0bc6b30ae3'}}], '_id': {'$oid': '69a3124c903bca0bc6b30ae2'}}, {'questionIndex': 3, 'finalSelectedScore': 1, 'totalTimeSpent': 8490, 'clickEvents': [{'score': 2, 'timestamp': 1964, '_id': {'$oid': '69a3124c903bca0bc6b30ae5'}}, {'score': 1, 'timestamp': 6796, '_id': {'$oid': '69a3124c903bca0bc6b30ae6'}}, {'score': 1, 'timestamp': 6796, '_id': {'$oid': '69a3124c903bca0bc6b30ae7'}}], '_id': {'$oid': '69a3124c903bca0bc6b30ae4'}}, {'questionIndex': 4, 'finalSelectedScore': 4, 'totalTimeSpent': 9701, 'clickEvents': [{'score': 4, 'timestamp': 4807, '_id': {'$oid': '69a3124c903bca0bc6b30ae9'}}], '_id': {'$oid': '69a3124c903bca0bc6b30ae8'}}, {'questionIndex': 5, 'finalSelectedScore': 1, 'totalTimeSpent': 6256, 'clickEvents': [{'score': 2, 'timestamp': 1939, '_id': {'$oid': '69a3124c903bca0bc6b30aeb'}}, {'score': 1, 'timestamp': 4558, '_id': {'$oid': '69a3124c903bca0bc6b30aec'}}, {'score': 1, 'timestamp': 4558, '_id': {'$oid': '69a3124c903bca0bc6b30aed'}}], '_id': {'$oid': '69a3124c903bca0bc6b30aea'}}, {'questionIndex': 6, 'finalSelectedScore': 2, 'totalTimeSpent': 4665, 'clickEvents': [{'score': 2, 'timestamp': 3188, '_id': {'$oid': '69a3124c903bca0bc6b30aef'}}], '_id': {'$oid': '69a3124c903bca0bc6b30aee'}}, {'questionIndex': 7, 'finalSelectedScore': 4, 'totalTimeSpent': 3752, 'clickEvents': [{'score': 4, 'timestamp': 1796, '_id': {'$oid': '69a3124c903bca0bc6b30af1'}}], '_id': {'$oid': '69a3124c903bca0bc6b30af0'}}]",0,69a3124c903bca0bc6b30add,2026-02-28T16:05:32.386Z
12,High Fatigue,21335,2666.875,8,"[{'questionIndex': 0, 'finalSelectedScore': 1, 'totalTimeSpent': 4535, 'clickEvents': [{'score': 3, 'timestamp': 1432, '_id': {'$oid': '69a31507903bca0bc6b30af5'}}, {'score': 1, 'timestamp': 3352, '_id': {'$oid': '69a31507903bca0bc6b30af6'}}, {'score': 1, 'timestamp': 3352, '_id': {'$oid': '69a31507903bca0bc6b30af7'}}], '_id': {'$oid': '69a31507903bca0bc6b30af4'}}, {'questionIndex': 1, 'finalSelectedScore': 2, 'totalTimeSpent': 2364, 'clickEvents': [{'score': 2, 'timestamp': 1176, '_id': {'$oid': '69a31507903bca0bc6b30af9'}}], '_id': {'$oid': '69a31507903bca0bc6b30af8'}}, {'questionIndex': 2, 'finalSelectedScore': 1, 'totalTimeSpent': 2327, 'clickEvents': [{'score': 1, 'timestamp': 1279, '_id': {'$oid': '69a31507903bca0bc6b30afb'}}], '_id': {'$oid': '69a31507903bca0bc6b30afa'}}, {'questionIndex': 3, 'finalSelectedScore': 2, 'totalTimeSpent': 2558, 'clickEvents': [{'score': 2, 'timestamp': 1100, '_id': {'$oid': '69a31507903bca0bc6b30afd'}}], '_id': {'$oid': '69a31507903bca0bc6b30afc'}}, {'questionIndex': 4, 'finalSelectedScore': 1, 'totalTimeSpent': 2425, 'clickEvents': [{'score': 1, 'timestamp': 1278, '_id': {'$oid': '69a31507903bca0bc6b30aff'}}], '_id': {'$oid': '69a31507903bca0bc6b30afe'}}, {'questionIndex': 5, 'finalSelectedScore': 2, 'totalTimeSpent': 2258, 'clickEvents': [{'score': 2, 'timestamp': 1078, '_id': {'$oid': '69a31507903bca0bc6b30b01'}}], '_id': {'$oid': '69a31507903bca0bc6b30b00'}}, {'questionIndex': 6, 'finalSelectedScore': 1, 'totalTimeSpent': 2557, 'clickEvents': [{'score': 1, 'timestamp': 1260, '_id': {'$oid': '69a31507903bca0bc6b30b03'}}], '_id': {'$oid': '69a31507903bca0bc6b30b02'}}, {'questionIndex': 7, 'finalSelectedScore': 2, 'totalTimeSpent': 2311, 'clickEvents': [{'score': 2, 'timestamp': 1185, '_id': {'$oid': '69a31507903bca0bc6b30b05'}}], '_id': {'$oid': '69a31507903bca0bc6b30b04'}}]",0,69a31507903bca0bc6b30af3,2026-02-28T16:17:11.475Z
19,High Fatigue,40397,5049.625,8,"[{'questionIndex': 0, 'finalSelectedScore': 1, 'totalTimeSpent': 3585, 'clickEvents': [{'score': 1, 'timestamp': 2458, '_id': {'$oid': '69a46deeabe1821426791ae4'}}], '_id': {'$oid': '69a46deeabe1821426791ae3'}}, {'questionIndex': 1, 'finalSelectedScore': 4, 'totalTimeSpent': 4001, 'clickEvents': [{'score': 2, 'timestamp': 1581, '_id': {'$oid': '69a46deeabe1821426791ae6'}}, {'score': 4, 'timestamp': 2653, '_id': {'$oid': '69a46deeabe1821426791ae7'}}, {'score': 4, 'timestamp': 2653, '_id': {'$oid': '69a46deeabe1821426791ae8'}}], '_id': {'$oid': '69a46deeabe1821426791ae5'}}, {'questionIndex': 2, 'finalSelectedScore': 2, 'totalTimeSpent': 4270, 'clickEvents': [{'score': 2, 'timestamp': 2939, '_id': {'$oid': '69a46deeabe1821426791aea'}}], '_id': {'$oid': '69a46deeabe1821426791ae9'}}, {'questionIndex': 3, 'finalSelectedScore': 2, 'totalTimeSpent': 8959, 'clickEvents': [{'score': 4, 'timestamp': 2126, '_id': {'$oid': '69a46deeabe1821426791aec'}}, {'score': 5, 'timestamp': 3467, '_id': {'$oid': '69a46deeabe1821426791aed'}}, {'score': 5, 'timestamp': 3467, '_id': {'$oid': '69a46deeabe1821426791aee'}}, {'score': 1, 'timestamp': 5485, '_id': {'$oid': '69a46deeabe1821426791aef'}}, {'score': 1, 'timestamp': 5485, '_id': {'$oid': '69a46deeabe1821426791af0'}}, {'score': 2, 'timestamp': 7723, '_id': {'$oid': '69a46deeabe1821426791af1'}}, {'score': 2, 'timestamp': 7723, '_id': {'$oid': '69a46deeabe1821426791af2'}}], '_id': {'$oid': '69a46deeabe1821426791aeb'}}, {'questionIndex': 4, 'finalSelectedScore': 3, 'totalTimeSpent': 4182, 'clickEvents': [{'score': 3, 'timestamp': 2388, '_id': {'$oid': '69a46deeabe1821426791af4'}}], '_id': {'$oid': '69a46deeabe1821426791af3'}}, {'questionIndex': 5, 'finalSelectedScore': 1, 'totalTimeSpent': 4630, 'clickEvents': [{'score': 1, 'timestamp': 2690, '_id': {'$oid': '69a46deeabe1821426791af6'}}], '_id': {'$oid': '69a46deeabe1821426791af5'}}, {'questionIndex': 6, 'finalSelectedScore': 3, 'totalTimeSpent': 7452, 'clickEvents': [{'score': 5, 'timestamp': 2206, '_id': {'$oid': '69a46deeabe1821426791af8'}}, {'score': 3, 'timestamp': 5455, '_id': {'$oid': '69a46deeabe1821426791af9'}}, {'score': 3, 'timestamp': 5455, '_id': {'$oid': '69a46deeabe1821426791afa'}}], '_id': {'$oid': '69a46deeabe1821426791af7'}}, {'questionIndex': 7, 'finalSelectedScore': 3, 'totalTimeSpent': 3317, 'clickEvents': [{'score': 3, 'timestamp': 2167, '_id': {'$oid': '69a46deeabe1821426791afc'}}], '_id': {'$oid': '69a46deeabe1821426791afb'}}]",0,69a46deeabe1821426791ae2,2026-03-01T16:48:46.869Z
22,Moderate Fatigue,59359,7419.875,8,"[{'questionIndex': 0, 'finalSelectedScore': 4, 'totalTimeSpent': 38101, 'clickEvents': [{'score': 4, 'timestamp': 35839, '_id': {'$oid': '69a58f55d04a501a12001ae2'}}], '_id': {'$oid': '69a58f55d04a501a12001ae1'}}, {'questionIndex': 1, 'finalSelectedScore': 2, 'totalTimeSpent': 3908, 'clickEvents': [{'score': 2, 'timestamp': 2566, '_id': {'$oid': '69a58f55d04a501a12001ae4'}}], '_id': {'$oid': '69a58f55d04a501a12001ae3'}}, {'questionIndex': 2, 'finalSelectedScore': 3, 'totalTimeSpent': 3291, 'clickEvents': [{'score': 3, 'timestamp': 2094, '_id': {'$oid': '69a58f55d04a501a12001ae6'}}], '_id': {'$oid': '69a58f55d04a501a12001ae5'}}, {'questionIndex': 3, 'finalSelectedScore': 4, 'totalTimeSpent': 3215, 'clickEvents': [{'score': 4, 'timestamp': 1958, '_id': {'$oid': '69a58f55d04a501a12001ae8'}}], '_id': {'$oid': '69a58f55d04a501a12001ae7'}}, {'questionIndex': 4, 'finalSelectedScore': 2, 'totalTimeSpent': 3288, 'clickEvents': [{'score': 2, 'timestamp': 1402, '_id': {'$oid': '69a58f55d04a501a12001aea'}}], '_id': {'$oid': '69a58f55d04a501a12001ae9'}}, {'questionIndex': 5, 'finalSelectedScore': 1, 'totalTimeSpent': 3016, 'clickEvents': [{'score': 1, 'timestamp': 1657, '_id': {'$oid': '69a58f55d04a501a12001aec'}}], '_id': {'$oid': '69a58f55d04a501a12001aeb'}}, {'questionIndex': 6, 'finalSelectedScore': 4, 'totalTimeSpent': 2222, 'clickEvents': [{'score': 4, 'timestamp': 1161, '_id': {'$oid': '69a58f55d04a501a12001aee'}}], '_id': {'$oid': '69a58f55d04a501a12001aed'}}, {'questionIndex': 7, 'finalSelectedScore': 2, 'totalTimeSpent': 2318, 'clickEvents': [{'score': 2, 'timestamp': 1271, '_id': {'$oid': '69a58f55d04a501a12001af0'}}], '_id': {'$oid': '69a58f55d04a501a12001aef'}}]",0,69a58f55d04a501a12001ae0,2026-03-02T13:23:33.772Z
20,Moderate Fatigue,134441,16805.125,8,"[{'questionIndex': 0, 'finalSelectedScore': 1, 'totalTimeSpent': 12220, 'clickEvents': [{'score': 2, 'timestamp': 8289, '_id': {'$oid': '69a59820d04a501a12001af4'}}, {'score': 3, 'timestamp': 9052, '_id': {'$oid': '69a59820d04a501a12001af5'}}, {'score': 3, 'timestamp': 9052, '_id': {'$oid': '69a59820d04a501a12001af6'}}, {'score': 1, 'timestamp': 10715, '_id': {'$oid': '69a59820d04a501a12001af7'}}, {'score': 1, 'timestamp': 10715, '_id': {'$oid': '69a59820d04a501a12001af8'}}], '_id': {'$oid': '69a59820d04a501a12001af3'}}, {'questionIndex': 1, 'finalSelectedScore': 4, 'totalTimeSpent': 15159, 'clickEvents': [{'score': 4, 'timestamp': 11657, '_id': {'$oid': '69a59820d04a501a12001afa'}}], '_id': {'$oid': '69a59820d04a501a12001af9'}}, {'questionIndex': 2, 'finalSelectedScore': 2, 'totalTimeSpent': 9011, 'clickEvents': [{'score': 3, 'timestamp': 6628, '_id': {'$oid': '69a59820d04a501a12001afc'}}, {'score': 2, 'timestamp': 7453, '_id': {'$oid': '69a59820d04a501a12001afd'}}, {'score': 2, 'timestamp': 7453, '_id': {'$oid': '69a59820d04a501a12001afe'}}], '_id': {'$oid': '69a59820d04a501a12001afb'}}, {'questionIndex': 3, 'finalSelectedScore': 2, 'totalTimeSpent': 22769, 'clickEvents': [{'score': 2, 'timestamp': 19735, '_id': {'$oid': '69a59820d04a501a12001b00'}}], '_id': {'$oid': '69a59820d04a501a12001aff'}}, {'questionIndex': 4, 'finalSelectedScore': 4, 'totalTimeSpent': 30169, 'clickEvents': [{'score': 2, 'timestamp': 24314, '_id': {'$oid': '69a59820d04a501a12001b02'}}, {'score': 5, 'timestamp': 27413, '_id': {'$oid': '69a59820d04a501a12001b03'}}, {'score': 5, 'timestamp': 27413, '_id': {'$oid': '69a59820d04a501a12001b04'}}, {'score': 4, 'timestamp': 28975, '_id': {'$oid': '69a59820d04a501a12001b05'}}, {'score': 4, 'timestamp': 28975, '_id': {'$oid': '69a59820d04a501a12001b06'}}], '_id': {'$oid': '69a59820d04a501a12001b01'}}, {'questionIndex': 5, 'finalSelectedScore': 2, 'totalTimeSpent': 15527, 'clickEvents': [{'score': 2, 'timestamp': 14274, '_id': {'$oid': '69a59820d04a501a12001b08'}}], '_id': {'$oid': '69a59820d04a501a12001b07'}}, {'questionIndex': 6, 'finalSelectedScore': 2, 'totalTimeSpent': 13010, 'clickEvents': [{'score': 2, 'timestamp': 11640, '_id': {'$oid': '69a59820d04a501a12001b0a'}}], '_id': {'$oid': '69a59820d04a501a12001b09'}}, {'questionIndex': 7, 'finalSelectedScore': 3, 'totalTimeSpent': 16576, 'clickEvents': [{'score': 3, 'timestamp': 14916, '_id': {'$oid': '69a59820d04a501a12001b0c'}}], '_id': {'$oid': '69a59820d04a501a12001b0b'}}]",0,69a59820d04a501a12001af2,2026-03-02T14:01:04.383Z
23,Moderate Fatigue,49755,6219.375,8,"[{'questionIndex': 0, 'finalSelectedScore': 1, 'totalTimeSpent': 8628, 'clickEvents': [{'score': 1, 'timestamp': 6687, '_id': {'$oid': '69a874a0ba21908d473acfe7'}}], '_id': {'$oid': '69a874a0ba21908d473acfe6'}}, {'questionIndex': 1, 'finalSelectedScore': 4, 'totalTimeSpent': 6465, 'clickEvents': [{'score': 4, 'timestamp': 4199, '_id': {'$oid': '69a874a0ba21908d473acfe9'}}], '_id': {'$oid': '69a874a0ba21908d473acfe8'}}, {'questionIndex': 2, 'finalSelectedScore': 2, 'totalTimeSpent': 7000, 'clickEvents': [{'score': 2, 'timestamp': 5156, '_id': {'$oid': '69a874a0ba21908d473acfeb'}}], '_id': {'$oid': '69a874a0ba21908d473acfea'}}, {'questionIndex': 3, 'finalSelectedScore': 3, 'totalTimeSpent': 9681, 'clickEvents': [{'score': 3, 'timestamp': 7986, '_id': {'$oid': '69a874a0ba21908d473acfed'}}], '_id': {'$oid': '69a874a0ba21908d473acfec'}}, {'questionIndex': 4, 'finalSelectedScore': 3, 'totalTimeSpent': 4966, 'clickEvents': [{'score': 3, 'timestamp': 3593, '_id': {'$oid': '69a874a0ba21908d473acfef'}}], '_id': {'$oid': '69a874a0ba21908d473acfee'}}, {'questionIndex': 5, 'finalSelectedScore': 1, 'totalTimeSpent': 4735, 'clickEvents': [{'score': 1, 'timestamp': 2840, '_id': {'$oid': '69a874a0ba21908d473acff1'}}], '_id': {'$oid': '69a874a0ba21908d473acff0'}}, {'questionIndex': 6, 'finalSelectedScore': 5, 'totalTimeSpent': 4000, 'clickEvents': [{'score': 5, 'timestamp': 1468, '_id': {'$oid': '69a874a0ba21908d473acff3'}}], '_id': {'$oid': '69a874a0ba21908d473acff2'}}, {'questionIndex': 7, 'finalSelectedScore': 4, 'totalTimeSpent': 4280, 'clickEvents': [{'score': 4, 'timestamp': 3124, '_id': {'$oid': '69a874a0ba21908d473acff5'}}], '_id': {'$oid': '69a874a0ba21908d473acff4'}}]",0,69a874a0ba21908d473acfe5,2026-03-04T18:06:24.984Z
26,Moderate Fatigue,30781,3847.625,8,"[{'questionIndex': 0, 'finalSelectedScore': 3, 'totalTimeSpent': 2613, 'clickEvents': [{'score': 3, 'timestamp': 1206, '_id': {'$oid': '69a9385ec8d3f68395bb214e'}}], '_id': {'$oid': '69a9385dc8d3f68395bb214d'}}, {'questionIndex': 1, 'finalSelectedScore': 1, 'totalTimeSpent': 3844, 'clickEvents': [{'score': 1, 'timestamp': 2377, '_id': {'$oid': '69a9385ec8d3f68395bb2150'}}], '_id': {'$oid': '69a9385ec8d3f68395bb214f'}}, {'questionIndex': 2, 'finalSelectedScore': 5, 'totalTimeSpent': 3258, 'clickEvents': [{'score': 5, 'timestamp': 2147, '_id': {'$oid': '69a9385ec8d3f68395bb2152'}}], '_id': {'$oid': '69a9385ec8d3f68395bb2151'}}, {'questionIndex': 3, 'finalSelectedScore': 2, 'totalTimeSpent': 2986, 'clickEvents': [{'score': 2, 'timestamp': 1592, '_id': {'$oid': '69a9385ec8d3f68395bb2154'}}], '_id': {'$oid': '69a9385ec8d3f68395bb2153'}}, {'questionIndex': 4, 'finalSelectedScore': 5, 'totalTimeSpent': 3238, 'clickEvents': [{'score': 5, 'timestamp': 1686, '_id': {'$oid': '69a9385ec8d3f68395bb2156'}}], '_id': {'$oid': '69a9385ec8d3f68395bb2155'}}, {'questionIndex': 5, 'finalSelectedScore': 2, 'totalTimeSpent': 7827, 'clickEvents': [{'score': 2, 'timestamp': 6602, '_id': {'$oid': '69a9385ec8d3f68395bb2158'}}], '_id': {'$oid': '69a9385ec8d3f68395bb2157'}}, {'questionIndex': 6, 'finalSelectedScore': 4, 'totalTimeSpent': 2295, 'clickEvents': [{'score': 4, 'timestamp': 1160, '_id': {'$oid': '69a9385ec8d3f68395bb215a'}}], '_id': {'$oid': '69a9385ec8d3f68395bb2159'}}, {'questionIndex': 7, 'finalSelectedScore': 4, 'totalTimeSpent': 4720, 'clickEvents': [{'score': 2, 'timestamp': 1280, '_id': {'$oid': '69a9385ec8d3f68395bb215c'}}, {'score': 3, 'timestamp': 2503, '_id': {'$oid': '69a9385ec8d3f68395bb215d'}}, {'score': 3, 'timestamp': 2503, '_id': {'$oid': '69a9385ec8d3f68395bb215e'}}, {'score': 4, 'timestamp': 3492, '_id': {'$oid': '69a9385ec8d3f68395bb215f'}}, {'score': 4, 'timestamp': 3492, '_id': {'$oid': '69a9385ec8d3f68395bb2160'}}], '_id': {'$oid': '69a9385ec8d3f68395bb215b'}}]",0,69a9385dc8d3f68395bb214c,2026-03-05T08:01:34.032Z
31,Moderate Fatigue,39827,4978.375,8,"[{'questionIndex': 0, 'finalSelectedScore': 5, 'totalTimeSpent': 6150, 'clickEvents': [{'score': 5, 'timestamp': 4225, '_id': {'$oid': '69a93888c8d3f68395bb2164'}}], '_id': {'$oid': '69a93888c8d3f68395bb2163'}}, {'questionIndex': 1, 'finalSelectedScore': 4, 'totalTimeSpent': 3810, 'clickEvents': [{'score': 4, 'timestamp': 2694, '_id': {'$oid': '69a93888c8d3f68395bb2166'}}], '_id': {'$oid': '69a93888c8d3f68395bb2165'}}, {'questionIndex': 2, 'finalSelectedScore': 3, 'totalTimeSpent': 4298, 'clickEvents': [{'score': 3, 'timestamp': 3119, '_id': {'$oid': '69a93888c8d3f68395bb2168'}}], '_id': {'$oid': '69a93888c8d3f68395bb2167'}}, {'questionIndex': 3, 'finalSelectedScore': 4, 'totalTimeSpent': 2912, 'clickEvents': [{'score': 4, 'timestamp': 1964, '_id': {'$oid': '69a93888c8d3f68395bb216a'}}], '_id': {'$oid': '69a93888c8d3f68395bb2169'}}, {'questionIndex': 4, 'finalSelectedScore': 4, 'totalTimeSpent': 2631, 'clickEvents': [{'score': 4, 'timestamp': 1716, '_id': {'$oid': '69a93888c8d3f68395bb216c'}}], '_id': {'$oid': '69a93888c8d3f68395bb216b'}}, {'questionIndex': 5, 'finalSelectedScore': 3, 'totalTimeSpent': 5482, 'clickEvents': [{'score': 3, 'timestamp': 4128, '_id': {'$oid': '69a93888c8d3f68395bb216e'}}], '_id': {'$oid': '69a93888c8d3f68395bb216d'}}, {'questionIndex': 6, 'finalSelectedScore': 3, 'totalTimeSpent': 10876, 'clickEvents': [{'score': 3, 'timestamp': 9817, '_id': {'$oid': '69a93888c8d3f68395bb2170'}}], '_id': {'$oid': '69a93888c8d3f68395bb216f'}}, {'questionIndex': 7, 'finalSelectedScore': 5, 'totalTimeSpent': 3665, 'clickEvents': [{'score': 5, 'timestamp': 2548, '_id': {'$oid': '69a93888c8d3f68395bb2172'}}], '_id': {'$oid': '69a93888c8d3f68395bb2171'}}]",0,69a93888c8d3f68395bb2162,2026-03-05T08:02:16.727Z
40,Low Fatigue,17065,2133.125,8,"[{'questionIndex': 0, 'finalSelectedScore': 5, 'totalTimeSpent': 2179, 'clickEvents': [{'score': 5, 'timestamp': 1240, '_id': {'$oid': '69a9389cc8d3f68395bb2176'}}], '_id': {'$oid': '69a9389cc8d3f68395bb2175'}}, {'questionIndex': 1, 'finalSelectedScore': 5, 'totalTimeSpent': 1777, 'clickEvents': [{'score': 5, 'timestamp': 958, '_id': {'$oid': '69a9389cc8d3f68395bb2178'}}], '_id': {'$oid': '69a9389cc8d3f68395bb2177'}}, {'questionIndex': 2, 'finalSelectedScore': 5, 'totalTimeSpent': 1929, 'clickEvents': [{'score': 5, 'timestamp': 1068, '_id': {'$oid': '69a9389cc8d3f68395bb217a'}}], '_id': {'$oid': '69a9389cc8d3f68395bb2179'}}, {'questionIndex': 3, 'finalSelectedScore': 5, 'totalTimeSpent': 1704, 'clickEvents': [{'score': 5, 'timestamp': 917, '_id': {'$oid': '69a9389cc8d3f68395bb217c'}}], '_id': {'$oid': '69a9389cc8d3f68395bb217b'}}, {'questionIndex': 4, 'finalSelectedScore': 5, 'totalTimeSpent': 2702, 'clickEvents': [{'score': 5, 'timestamp': 1842, '_id': {'$oid': '69a9389cc8d3f68395bb217e'}}], '_id': {'$oid': '69a9389cc8d3f68395bb217d'}}, {'questionIndex': 5, 'finalSelectedScore': 5, 'totalTimeSpent': 2077, 'clickEvents': [{'score': 5, 'timestamp': 1068, '_id': {'$oid': '69a9389cc8d3f68395bb2180'}}], '_id': {'$oid': '69a9389cc8d3f68395bb217f'}}, {'questionIndex': 6, 'finalSelectedScore': 5, 'totalTimeSpent': 2627, 'clickEvents': [{'score': 5, 'timestamp': 1663, '_id': {'$oid': '69a9389cc8d3f68395bb2182'}}], '_id': {'$oid': '69a9389cc8d3f68395bb2181'}}, {'questionIndex': 7, 'finalSelectedScore': 5, 'totalTimeSpent': 2070, 'clickEvents': [{'score': 5, 'timestamp': 1145, '_id': {'$oid': '69a9389cc8d3f68395bb2184'}}], '_id': {'$oid': '69a9389cc8d3f68395bb2183'}}]",0,69a9389cc8d3f68395bb2174,2026-03-05T08:02:36.940Z
21,Moderate Fatigue,28541,3567.625,8,"[{'questionIndex': 0, 'finalSelectedScore': 3, 'totalTimeSpent': 6309, 'clickEvents': [{'score': 3, 'timestamp': 5061, '_id': {'$oid': '69a938cec8d3f68395bb2188'}}], '_id': {'$oid': '69a938cec8d3f68395bb2187'}}, {'questionIndex': 1, 'finalSelectedScore': 3, 'totalTimeSpent': 3219, 'clickEvents': [{'score': 3, 'timestamp': 2061, '_id': {'$oid': '69a938cec8d3f68395bb218a'}}], '_id': {'$oid': '69a938cec8d3f68395bb2189'}}, {'questionIndex': 2, 'finalSelectedScore': 2, 'totalTimeSpent': 2603, 'clickEvents': [{'score': 2, 'timestamp': 1515, '_id': {'$oid': '69a938cec8d3f68395bb218c'}}], '_id': {'$oid': '69a938cec8d3f68395bb218b'}}, {'questionIndex': 3, 'finalSelectedScore': 3, 'totalTimeSpent': 3647, 'clickEvents': [{'score': 3, 'timestamp': 2452, '_id': {'$oid': '69a938cec8d3f68395bb218e'}}], '_id': {'$oid': '69a938cec8d3f68395bb218d'}}, {'questionIndex': 4, 'finalSelectedScore': 2, 'totalTimeSpent': 2569, 'clickEvents': [{'score': 2, 'timestamp': 1265, '_id': {'$oid': '69a938cec8d3f68395bb2190'}}], '_id': {'$oid': '69a938cec8d3f68395bb218f'}}, {'questionIndex': 5, 'finalSelectedScore': 3, 'totalTimeSpent': 4756, 'clickEvents': [{'score': 3, 'timestamp': 2594, '_id': {'$oid': '69a938cec8d3f68395bb2192'}}], '_id': {'$oid': '69a938cec8d3f68395bb2191'}}, {'questionIndex': 6, 'finalSelectedScore': 3, 'totalTimeSpent': 2727, 'clickEvents': [{'score': 3, 'timestamp': 1676, '_id': {'$oid': '69a938cec8d3f68395bb2194'}}], '_id': {'$oid': '69a938cec8d3f68395bb2193'}}, {'questionIndex': 7, 'finalSelectedScore': 2, 'totalTimeSpent': 2711, 'clickEvents': [{'score': 2, 'timestamp': 1552, '_id': {'$oid': '69a938cec8d3f68395bb2196'}}], '_id': {'$oid': '69a938cec8d3f68395bb2195'}}]",0,69a938cec8d3f68395bb2186,2026-03-05T08:03:26.705Z
16,High Fatigue,53730,6716.25,8,"[{'questionIndex': 0, 'finalSelectedScore': 3, 'totalTimeSpent': 8294, 'clickEvents': [{'score': 3, 'timestamp': 1374, '_id': {'$oid': '69abe3274594ed0681765fa5'}}, {'score': 2, 'timestamp': 4582, '_id': {'$oid': '69abe3274594ed0681765fa6'}}, {'score': 2, 'timestamp': 4582, '_id': {'$oid': '69abe3274594ed0681765fa7'}}, {'score': 3, 'timestamp': 6727, '_id': {'$oid': '69abe3274594ed0681765fa8'}}, {'score': 3, 'timestamp': 6727, '_id': {'$oid': '69abe3274594ed0681765fa9'}}], '_id': {'$oid': '69abe3274594ed0681765fa4'}}, {'questionIndex': 1, 'finalSelectedScore': 1, 'totalTimeSpent': 7540, 'clickEvents': [{'score': 1, 'timestamp': 2829, '_id': {'$oid': '69abe3274594ed0681765fab'}}, {'score': 1, 'timestamp': 3043, '_id': {'$oid': '69abe3274594ed0681765fac'}}, {'score': 1, 'timestamp': 3043, '_id': {'$oid': '69abe3274594ed0681765fad'}}], '_id': {'$oid': '69abe3274594ed0681765faa'}}, {'questionIndex': 2, 'finalSelectedScore': 2, 'totalTimeSpent': 6580, 'clickEvents': [{'score': 2, 'timestamp': 4267, '_id': {'$oid': '69abe3274594ed0681765faf'}}], '_id': {'$oid': '69abe3274594ed0681765fae'}}, {'questionIndex': 3, 'finalSelectedScore': 1, 'totalTimeSpent': 9269, 'clickEvents': [{'score': 1, 'timestamp': 7766, '_id': {'$oid': '69abe3274594ed0681765fb1'}}], '_id': {'$oid': '69abe3274594ed0681765fb0'}}, {'questionIndex': 4, 'finalSelectedScore': 2, 'totalTimeSpent': 6697, 'clickEvents': [{'score': 2, 'timestamp': 4609, '_id': {'$oid': '69abe3274594ed0681765fb3'}}], '_id': {'$oid': '69abe3274594ed0681765fb2'}}, {'questionIndex': 5, 'finalSelectedScore': 3, 'totalTimeSpent': 6736, 'clickEvents': [{'score': 3, 'timestamp': 3003, '_id': {'$oid': '69abe3274594ed0681765fb5'}}], '_id': {'$oid': '69abe3274594ed0681765fb4'}}, {'questionIndex': 6, 'finalSelectedScore': 1, 'totalTimeSpent': 3241, 'clickEvents': [{'score': 1, 'timestamp': 1780, '_id': {'$oid': '69abe3274594ed0681765fb7'}}], '_id': {'$oid': '69abe3274594ed0681765fb6'}}, {'questionIndex': 7, 'finalSelectedScore': 3, 'totalTimeSpent': 5371, 'clickEvents': [{'score': 3, 'timestamp': 4050, '_id': {'$oid': '69abe3274594ed0681765fb9'}}], '_id': {'$oid': '69abe3274594ed0681765fb8'}}]",0,69abe3274594ed0681765fa3,2026-03-07T08:34:47.607Z
22,Moderate Fatigue,101055,12631.875,8,"[{'questionIndex': 0, 'finalSelectedScore': 3, 'totalTimeSpent': 15475, 'clickEvents': [{'score': 3, 'timestamp': 12733, '_id': {'$oid': '69abe3bd4594ed0681765fbd'}}], '_id': {'$oid': '69abe3bd4594ed0681765fbc'}}, {'questionIndex': 1, 'finalSelectedScore': 3, 'totalTimeSpent': 17022, 'clickEvents': [{'score': 2, 'timestamp': 6910, '_id': {'$oid': '69abe3bd4594ed0681765fbf'}}, {'score': 4, 'timestamp': 10374, '_id': {'$oid': '69abe3bd4594ed0681765fc0'}}, {'score': 4, 'timestamp': 10374, '_id': {'$oid': '69abe3bd4594ed0681765fc1'}}, {'score': 3, 'timestamp': 15534, '_id': {'$oid': '69abe3bd4594ed0681765fc2'}}, {'score': 3, 'timestamp': 15534, '_id': {'$oid': '69abe3bd4594ed0681765fc3'}}], '_id': {'$oid': '69abe3bd4594ed0681765fbe'}}, {'questionIndex': 2, 'finalSelectedScore': 2, 'totalTimeSpent': 9092, 'clickEvents': [{'score': 2, 'timestamp': 7400, '_id': {'$oid': '69abe3bd4594ed0681765fc5'}}], '_id': {'$oid': '69abe3bd4594ed0681765fc4'}}, {'questionIndex': 3, 'finalSelectedScore': 3, 'totalTimeSpent': 18075, 'clickEvents': [{'score': 2, 'timestamp': 4797, '_id': {'$oid': '69abe3bd4594ed0681765fc7'}}, {'score': 3, 'timestamp': 8110, '_id': {'$oid': '69abe3bd4594ed0681765fc8'}}, {'score': 3, 'timestamp': 8110, '_id': {'$oid': '69abe3bd4594ed0681765fc9'}}, {'score': 3, 'timestamp': 8623, '_id': {'$oid': '69abe3bd4594ed0681765fca'}}, {'score': 3, 'timestamp': 8623, '_id': {'$oid': '69abe3bd4594ed0681765fcb'}}], '_id': {'$oid': '69abe3bd4594ed0681765fc6'}}, {'questionIndex': 4, 'finalSelectedScore': 3, 'totalTimeSpent': 15048, 'clickEvents': [{'score': 3, 'timestamp': 12784, '_id': {'$oid': '69abe3bd4594ed0681765fcd'}}], '_id': {'$oid': '69abe3bd4594ed0681765fcc'}}, {'questionIndex': 5, 'finalSelectedScore': 3, 'totalTimeSpent': 10342, 'clickEvents': [{'score': 4, 'timestamp': 5381, '_id': {'$oid': '69abe3bd4594ed0681765fcf'}}, {'score': 3, 'timestamp': 8969, '_id': {'$oid': '69abe3bd4594ed0681765fd0'}}, {'score': 3, 'timestamp': 8969, '_id': {'$oid': '69abe3bd4594ed0681765fd1'}}], '_id': {'$oid': '69abe3bd4594ed0681765fce'}}, {'questionIndex': 6, 'finalSelectedScore': 3, 'totalTimeSpent': 6881, 'clickEvents': [{'score': 3, 'timestamp': 4633, '_id': {'$oid': '69abe3bd4594ed0681765fd3'}}], '_id': {'$oid': '69abe3bd4594ed0681765fd2'}}, {'questionIndex': 7, 'finalSelectedScore': 2, 'totalTimeSpent': 9119, 'clickEvents': [{'score': 2, 'timestamp': 7590, '_id': {'$oid': '69abe3bd4594ed0681765fd5'}}], '_id': {'$oid': '69abe3bd4594ed0681765fd4'}}]",0,69abe3bd4594ed0681765fbb,2026-03-07T08:37:17.088Z
34,Low Fatigue,34050,4256.25,8,"[{'questionIndex': 0, 'finalSelectedScore': 4, 'totalTimeSpent': 4681, 'clickEvents': [{'score': 4, 'timestamp': 3132, '_id': {'$oid': '69abfb7ceb8c227eacc83a07'}}], '_id': {'$oid': '69abfb7ceb8c227eacc83a06'}}, {'questionIndex': 1, 'finalSelectedScore': 3, 'totalTimeSpent': 4849, 'clickEvents': [{'score': 3, 'timestamp': 3523, '_id': {'$oid': '69abfb7ceb8c227eacc83a09'}}], '_id': {'$oid': '69abfb7ceb8c227eacc83a08'}}, {'questionIndex': 2, 'finalSelectedScore': 4, 'totalTimeSpent': 4170, 'clickEvents': [{'score': 4, 'timestamp': 2797, '_id': {'$oid': '69abfb7ceb8c227eacc83a0b'}}], '_id': {'$oid': '69abfb7ceb8c227eacc83a0a'}}, {'questionIndex': 3, 'finalSelectedScore': 4, 'totalTimeSpent': 5069, 'clickEvents': [{'score': 4, 'timestamp': 3411, '_id': {'$oid': '69abfb7ceb8c227eacc83a0d'}}], '_id': {'$oid': '69abfb7ceb8c227eacc83a0c'}}, {'questionIndex': 4, 'finalSelectedScore': 5, 'totalTimeSpent': 5412, 'clickEvents': [{'score': 5, 'timestamp': 4382, '_id': {'$oid': '69abfb7ceb8c227eacc83a0f'}}], '_id': {'$oid': '69abfb7ceb8c227eacc83a0e'}}, {'questionIndex': 5, 'finalSelectedScore': 5, 'totalTimeSpent': 3172, 'clickEvents': [{'score': 5, 'timestamp': 2156, '_id': {'$oid': '69abfb7ceb8c227eacc83a11'}}], '_id': {'$oid': '69abfb7ceb8c227eacc83a10'}}, {'questionIndex': 6, 'finalSelectedScore': 5, 'totalTimeSpent': 3465, 'clickEvents': [{'score': 5, 'timestamp': 2137, '_id': {'$oid': '69abfb7ceb8c227eacc83a13'}}], '_id': {'$oid': '69abfb7ceb8c227eacc83a12'}}, {'questionIndex': 7, 'finalSelectedScore': 4, 'totalTimeSpent': 3230, 'clickEvents': [{'score': 4, 'timestamp': 2026, '_id': {'$oid': '69abfb7ceb8c227eacc83a15'}}], '_id': {'$oid': '69abfb7ceb8c227eacc83a14'}}]",0,69abfb7ceb8c227eacc83a05,2026-03-07T10:18:36.646Z
12,High Fatigue,35629,4453.625,8,"[{'questionIndex': 0, 'finalSelectedScore': 1, 'totalTimeSpent': 4245, 'clickEvents': [{'score': 1, 'timestamp': 2811, '_id': {'$oid': '69abfba4eb8c227eacc83a19'}}], '_id': {'$oid': '69abfba4eb8c227eacc83a18'}}, {'questionIndex': 1, 'finalSelectedScore': 2, 'totalTimeSpent': 6927, 'clickEvents': [{'score': 2, 'timestamp': 3615, '_id': {'$oid': '69abfba4eb8c227eacc83a1b'}}], '_id': {'$oid': '69abfba4eb8c227eacc83a1a'}}, {'questionIndex': 2, 'finalSelectedScore': 2, 'totalTimeSpent': 3412, 'clickEvents': [{'score': 2, 'timestamp': 2289, '_id': {'$oid': '69abfba4eb8c227eacc83a1d'}}], '_id': {'$oid': '69abfba4eb8c227eacc83a1c'}}, {'questionIndex': 3, 'finalSelectedScore': 1, 'totalTimeSpent': 3583, 'clickEvents': [{'score': 1, 'timestamp': 2037, '_id': {'$oid': '69abfba4eb8c227eacc83a1f'}}], '_id': {'$oid': '69abfba4eb8c227eacc83a1e'}}, {'questionIndex': 4, 'finalSelectedScore': 1, 'totalTimeSpent': 3960, 'clickEvents': [{'score': 1, 'timestamp': 1950, '_id': {'$oid': '69abfba4eb8c227eacc83a21'}}], '_id': {'$oid': '69abfba4eb8c227eacc83a20'}}, {'questionIndex': 5, 'finalSelectedScore': 1, 'totalTimeSpent': 4693, 'clickEvents': [{'score': 1, 'timestamp': 2427, '_id': {'$oid': '69abfba4eb8c227eacc83a23'}}], '_id': {'$oid': '69abfba4eb8c227eacc83a22'}}, {'questionIndex': 6, 'finalSelectedScore': 1, 'totalTimeSpent': 4448, 'clickEvents': [{'score': 1, 'timestamp': 2764, '_id': {'$oid': '69abfba4eb8c227eacc83a25'}}], '_id': {'$oid': '69abfba4eb8c227eacc83a24'}}, {'questionIndex': 7, 'finalSelectedScore': 3, 'totalTimeSpent': 4360, 'clickEvents': [{'score': 3, 'timestamp': 3205, '_id': {'$oid': '69abfba4eb8c227eacc83a27'}}], '_id': {'$oid': '69abfba4eb8c227eacc83a26'}}]",0,69abfba4eb8c227eacc83a17,2026-03-07T10:19:16.026Z
22,Moderate Fatigue,58709,7338.625,8,"[{'questionIndex': 0, 'finalSelectedScore': 3, 'totalTimeSpent': 11568, 'clickEvents': [{'score': 3, 'timestamp': 9595, '_id': {'$oid': '69abfbeeeb8c227eacc83a2b'}}], '_id': {'$oid': '69abfbeeeb8c227eacc83a2a'}}, {'questionIndex': 1, 'finalSelectedScore': 2, 'totalTimeSpent': 11529, 'clickEvents': [{'score': 2, 'timestamp': 9937, '_id': {'$oid': '69abfbeeeb8c227eacc83a2d'}}], '_id': {'$oid': '69abfbeeeb8c227eacc83a2c'}}, {'questionIndex': 2, 'finalSelectedScore': 3, 'totalTimeSpent': 5407, 'clickEvents': [{'score': 3, 'timestamp': 4330, '_id': {'$oid': '69abfbeeeb8c227eacc83a2f'}}], '_id': {'$oid': '69abfbeeeb8c227eacc83a2e'}}, {'questionIndex': 3, 'finalSelectedScore': 2, 'totalTimeSpent': 7745, 'clickEvents': [{'score': 2, 'timestamp': 6240, '_id': {'$oid': '69abfbeeeb8c227eacc83a31'}}], '_id': {'$oid': '69abfbeeeb8c227eacc83a30'}}, {'questionIndex': 4, 'finalSelectedScore': 4, 'totalTimeSpent': 5599, 'clickEvents': [{'score': 4, 'timestamp': 4489, '_id': {'$oid': '69abfbeeeb8c227eacc83a33'}}], '_id': {'$oid': '69abfbeeeb8c227eacc83a32'}}, {'questionIndex': 5, 'finalSelectedScore': 2, 'totalTimeSpent': 5524, 'clickEvents': [{'score': 2, 'timestamp': 3996, '_id': {'$oid': '69abfbeeeb8c227eacc83a35'}}], '_id': {'$oid': '69abfbeeeb8c227eacc83a34'}}, {'questionIndex': 6, 'finalSelectedScore': 1, 'totalTimeSpent': 5524, 'clickEvents': [{'score': 1, 'timestamp': 3473, '_id': {'$oid': '69abfbeeeb8c227eacc83a37'}}], '_id': {'$oid': '69abfbeeeb8c227eacc83a36'}}, {'questionIndex': 7, 'finalSelectedScore': 5, 'totalTimeSpent': 5813, 'clickEvents': [{'score': 5, 'timestamp': 4938, '_id': {'$oid': '69abfbeeeb8c227eacc83a39'}}], '_id': {'$oid': '69abfbeeeb8c227eacc83a38'}}]",0,69abfbeeeb8c227eacc83a29,2026-03-07T10:20:30.381Z
34,Low Fatigue,39226,4903.25,8,"[{'questionIndex': 0, 'finalSelectedScore': 4, 'totalTimeSpent': 5105, 'clickEvents': [{'score': 4, 'timestamp': 4157, '_id': {'$oid': '69abfc1aeb8c227eacc83a3d'}}], '_id': {'$oid': '69abfc1aeb8c227eacc83a3c'}}, {'questionIndex': 1, 'finalSelectedScore': 4, 'totalTimeSpent': 14343, 'clickEvents': [{'score': 4, 'timestamp': 13032, '_id': {'$oid': '69abfc1aeb8c227eacc83a3f'}}], '_id': {'$oid': '69abfc1aeb8c227eacc83a3e'}}, {'questionIndex': 2, 'finalSelectedScore': 5, 'totalTimeSpent': 2567, 'clickEvents': [{'score': 5, 'timestamp': 1627, '_id': {'$oid': '69abfc1aeb8c227eacc83a41'}}], '_id': {'$oid': '69abfc1aeb8c227eacc83a40'}}, {'questionIndex': 3, 'finalSelectedScore': 4, 'totalTimeSpent': 4181, 'clickEvents': [{'score': 4, 'timestamp': 3045, '_id': {'$oid': '69abfc1aeb8c227eacc83a43'}}], '_id': {'$oid': '69abfc1aeb8c227eacc83a42'}}, {'questionIndex': 4, 'finalSelectedScore': 5, 'totalTimeSpent': 2706, 'clickEvents': [{'score': 5, 'timestamp': 1785, '_id': {'$oid': '69abfc1aeb8c227eacc83a45'}}], '_id': {'$oid': '69abfc1aeb8c227eacc83a44'}}, {'questionIndex': 5, 'finalSelectedScore': 3, 'totalTimeSpent': 3677, 'clickEvents': [{'score': 3, 'timestamp': 2520, '_id': {'$oid': '69abfc1aeb8c227eacc83a47'}}], '_id': {'$oid': '69abfc1aeb8c227eacc83a46'}}, {'questionIndex': 6, 'finalSelectedScore': 4, 'totalTimeSpent': 3838, 'clickEvents': [{'score': 4, 'timestamp': 1935, '_id': {'$oid': '69abfc1aeb8c227eacc83a49'}}], '_id': {'$oid': '69abfc1aeb8c227eacc83a48'}}, {'questionIndex': 7, 'finalSelectedScore': 5, 'totalTimeSpent': 2807, 'clickEvents': [{'score': 5, 'timestamp': 2006, '_id': {'$oid': '69abfc1aeb8c227eacc83a4b'}}], '_id': {'$oid': '69abfc1aeb8c227eacc83a4a'}}]",0,69abfc1aeb8c227eacc83a3b,2026-03-07T10:21:14.908Z
